id,smoking
15000,0.7768837357334863
15001,0.5070675614372782
15002,0.45254729323112663
15003,0.6749319838983009
15004,0.5911036453005817
15005,0.658220173146419
15006,0.3987634035861427
15007,0.6130488480577383
15008,0.7556751883501882
15009,0.039615728737498426
15010,0.05679423496908587
15011,0.6913089696214372
15012,0.2855940429151919
15013,0.012154111144494948
15014,0.01678258287383787
15015,0.13920352179832918
15016,0.012713399408927895
15017,0.007309804330596081
15018,0.011549132584425238
15019,0.006439995889454209
15020,0.4504711274575817
15021,0.02360761284368145
15022,0.4074853652219974
15023,0.5518091747216107
15024,0.36711759093534896
15025,0.44422241281494357
15026,0.6543468462067507
15027,0.021626324447111496
15028,0.01030727765823417
15029,0.04799142651310696
15030,0.43122518186155356
15031,0.05496941391989848
15032,0.7856393775672634
15033,0.11139571963234202
15034,0.36813097997562194
15035,0.5693217588772937
15036,0.02010968632662103
15037,0.30892711564258535
15038,0.518698796728829
15039,0.3878054232307616
15040,0.7854354527196216
15041,0.42357963952164207
15042,0.01019931048951813
15043,0.43908057006933776
15044,0.11538459348416581
15045,0.1948686395169832
15046,0.6956734509131347
15047,0.3115905824093611
15048,0.027279226762333596
15049,0.3321727021505089
15050,0.6314385434604981
15051,0.6078778607865255
15052,0.038989785776261165
15053,0.00832633592571748
15054,0.008182841773410861
15055,0.6875164977022565
15056,0.034701906050318976
15057,0.02110891186948303
15058,0.40223108173276156
15059,0.7838117860772613
15060,0.1743898130867953
15061,0.03288192452062023
15062,0.4172248218792386
15063,0.008488807876901351
15064,0.3174086276556634
15065,0.7155011249848829
15066,0.7798829987072399
15067,0.5522443371184003
15068,0.42195175178776206
15069,0.008046972028743804
15070,0.056881299443107144
15071,0.09000339200408705
15072,0.814329109406968
15073,0.6048056687112596
15074,0.7587496086799184
15075,0.6937374886674321
15076,0.19189156140828437
15077,0.024238314010071302
15078,0.7287205904479053
15079,0.44593185258365176
15080,0.06550366155198847
15081,0.5079185778854978
15082,0.5971762504797361
15083,0.662211383055351
15084,0.20856409485206504
15085,0.3066816203371185
15086,0.4022230087731222
15087,0.8105004391922154
15088,0.03400108701295589
15089,0.7927620933992681
15090,0.02224438745441831
15091,0.025286711284613076
15092,0.01027246683007723
15093,0.5830877311419547
15094,0.6700962201970244
15095,0.012973707447764129
15096,0.33117508150337743
15097,0.5473234818247464
15098,0.4426580592971018
15099,0.682359215521158
15100,0.022348919211629875
15101,0.18215566005231343
15102,0.2996334511647243
15103,0.00798182580446157
15104,0.587459838204493
15105,0.3693858623442246
15106,0.677509299488497
15107,0.018089473105892748
15108,0.025148119666459
15109,0.39026485814222234
15110,0.07881735505984996
15111,0.011720104432765697
15112,0.6842973932505723
15113,0.4655904007985272
15114,0.24000181683335406
15115,0.541068832216654
15116,0.010546720770155605
15117,0.03116932207121587
15118,0.7410718519396382
15119,0.015316111558737931
15120,0.13250751101620378
15121,0.01108672164983001
15122,0.33758079110679756
15123,0.014371163295002811
15124,0.7020529338738676
15125,0.017552198318032734
15126,0.8016204250419804
15127,0.8567239495203673
15128,0.30062566151477144
15129,0.02740246202969698
15130,0.07841037687108586
15131,0.35676402237460686
15132,0.30689583501694573
15133,0.0647706149933332
15134,0.06620281420039943
15135,0.26163519127876234
15136,0.719930303539134
15137,0.143167347012287
15138,0.6286870452609453
15139,0.1613934645844123
15140,0.6275728841846927
15141,0.7942329471094689
15142,0.11634058444837654
15143,0.214937264138216
15144,0.7895972777253417
15145,0.8330832075719815
15146,0.512490150492726
15147,0.017343273942048588
15148,0.6706269104384979
15149,0.06336626640678994
15150,0.7529753724538786
15151,0.4819951496914593
15152,0.020156519375709833
15153,0.45735426261293716
15154,0.7683690004740791
15155,0.657942292626669
15156,0.655876042621395
15157,0.6147338404922598
15158,0.4707996526039144
15159,0.6963864080982873
15160,0.7923132264842516
15161,0.4415457222700649
15162,0.010162147641301581
15163,0.013270514115190925
15164,0.00986049435905293
15165,0.06030551587053305
15166,0.028461424980713183
15167,0.13336639000589978
15168,0.4542038521966225
15169,0.4283996827548467
15170,0.007953938474608506
15171,0.3043079116371713
15172,0.01449300771912446
15173,0.009627427229357033
15174,0.02679231605459656
15175,0.021631868796622083
15176,0.014984609537338833
15177,0.20523397345515565
15178,0.006042634119196919
15179,0.008577036204824279
15180,0.42921097599298863
15181,0.43015546816189515
15182,0.4780540164390702
15183,0.5936770153322404
15184,0.6322029112023839
15185,0.009578921712073522
15186,0.7221734695006328
15187,0.024318694526897264
15188,0.014166350521726387
15189,0.3791084306331495
15190,0.40627790973868344
15191,0.005772338575384628
15192,0.4202732339312375
15193,0.055125679782445675
15194,0.022240534871553728
15195,0.009816202281527344
15196,0.17297382557812865
15197,0.17639360138818838
15198,0.36217071257115074
15199,0.3830795031187444
15200,0.1913954820821573
15201,0.5501166684466516
15202,0.48559806262861765
15203,0.8463656110746771
15204,0.6828485137678437
15205,0.011148623734126143
15206,0.6746180015044796
15207,0.1836198175901795
15208,0.012195871156084467
15209,0.03195723663447315
15210,0.6509176787202522
15211,0.011078502274606036
15212,0.05575596626121539
15213,0.8328119827314826
15214,0.48356249804031387
15215,0.35550547883274397
15216,0.041192486037259335
15217,0.5832772761955696
15218,0.34246369939284477
15219,0.6160332569753283
15220,0.8288381701094856
15221,0.027758803215670744
15222,0.012562749908283702
15223,0.48193104442895063
15224,0.47450338700824024
15225,0.5848483778659923
15226,0.012156503988472187
15227,0.49252156885903287
15228,0.44786004047559624
15229,0.027573410307350603
15230,0.028424680355597295
15231,0.019103706668268536
15232,0.6836679592939862
15233,0.6387980337355426
15234,0.05337935087063644
15235,0.03185477305600346
15236,0.6847733181783676
15237,0.022058122234405425
15238,0.13050488952166306
15239,0.04800536599555345
15240,0.7134016329527446
15241,0.010450473497089021
15242,0.012277297206126657
15243,0.008961426524187674
15244,0.5558935718928238
15245,0.03159511690255312
15246,0.5526907557368517
15247,0.44878662445104456
15248,0.018399485578596466
15249,0.8063694189446273
15250,0.007944630745378253
15251,0.06388301432712218
15252,0.623958719216616
15253,0.529603768762599
15254,0.45817698493408876
15255,0.014347921658010245
15256,0.028385072838175488
15257,0.02802253296955813
15258,0.022907851828604976
15259,0.6757661032339721
15260,0.1251879664131574
15261,0.5714859444915884
15262,0.5506358462183657
15263,0.019283310526158837
15264,0.07695675629232648
15265,0.22342097925684415
15266,0.016753892150094277
15267,0.1613200882251303
15268,0.030082449437130305
15269,0.009347400623589668
15270,0.2508654691700063
15271,0.32661532255026743
15272,0.5654343962585576
15273,0.00940475948464789
15274,0.5853370925892276
15275,0.46693732436951596
15276,0.3620463275795264
15277,0.6903747465127104
15278,0.44828350120205124
15279,0.7159579357594096
15280,0.03347803103212754
15281,0.7039683981519864
15282,0.015176836801406213
15283,0.013383573127873012
15284,0.006206671221780509
15285,0.012483641429335012
15286,0.03218028616274583
15287,0.019673599359668694
15288,0.42094381120013913
15289,0.8512801602199885
15290,0.021180874328521535
15291,0.005432224411521595
15292,0.049714235652729824
15293,0.027459448568688732
15294,0.5065100719393189
15295,0.10397008640499114
15296,0.06324601703489226
15297,0.4145415165250504
15298,0.23680938263266707
15299,0.4676037217164906
15300,0.01659545550189654
15301,0.6978034577875161
15302,0.017835296002865098
15303,0.24000676960522332
15304,0.027145530263235167
15305,0.763534713605833
15306,0.30267493074011104
15307,0.6599446016702296
15308,0.7108771417078832
15309,0.6561319655226298
15310,0.5540143040475225
15311,0.01657720842490148
15312,0.6182093392942714
15313,0.6805753985119001
15314,0.43150689822751376
15315,0.047216424624591434
15316,0.6274517921435878
15317,0.009816687200719166
15318,0.03186838191757282
15319,0.023749015189090728
15320,0.4894548548112596
15321,0.010404384581223248
15322,0.0469528945045268
15323,0.7182536448561192
15324,0.16775602720856858
15325,0.3632438178246047
15326,0.8745940067208171
15327,0.5156156711044889
15328,0.5819129880671778
15329,0.6224600186176868
15330,0.6501948150295729
15331,0.4706551474891511
15332,0.4884549715524765
15333,0.14014957825040064
15334,0.5139017730950052
15335,0.025190714385904468
15336,0.01171236502744287
15337,0.680977732648768
15338,0.48733267532925995
15339,0.043057879505644436
15340,0.3739820309450602
15341,0.06724694001190663
15342,0.13884291809088922
15343,0.5513859631904292
15344,0.020491687668357836
15345,0.015516215711153936
15346,0.32106851455759433
15347,0.48025155947234804
15348,0.15208697848692004
15349,0.6311136279256127
15350,0.30514893846346547
15351,0.5649335806422007
15352,0.4266260484254334
15353,0.7127681240260197
15354,0.018652481462196793
15355,0.5485645413175513
15356,0.7551798376136631
15357,0.6061198782706743
15358,0.43807956580416385
15359,0.03363995533034987
15360,0.7770834417834707
15361,0.20159218072400356
15362,0.3325644203392923
15363,0.4269612115655284
15364,0.521971749757415
15365,0.005314806899733265
15366,0.025771859202533373
15367,0.45144670348952826
15368,0.388078882019666
15369,0.3710255532617581
15370,0.22754440153848085
15371,0.40283373659484173
15372,0.27582578885181264
15373,0.019011697579854332
15374,0.01849026917359621
15375,0.6152141210903915
15376,0.06116828157264954
15377,0.008715436088417926
15378,0.35346853023789937
15379,0.6300043275952943
15380,0.6522054792083416
15381,0.37773109593807075
15382,0.22543774492835084
15383,0.21536657170686416
15384,0.012444554800376125
15385,0.39624827659119505
15386,0.4958337906627108
15387,0.7882055029925048
15388,0.42322222484434735
15389,0.16759403371798587
15390,0.5413545692136277
15391,0.6009949867831901
15392,0.026698995196122503
15393,0.8364403783860254
15394,0.6917536726086024
15395,0.6955732215941759
15396,0.705433819069823
15397,0.048491224975501845
15398,0.8174027392534544
15399,0.07240266527170638
15400,0.06814842243081203
15401,0.5115357279785877
15402,0.011959167127620424
15403,0.6322098300787883
15404,0.05548255341862694
15405,0.25766625388404063
15406,0.004644174590116885
15407,0.11492316798033425
15408,0.8066543321998769
15409,0.21308351165891587
15410,0.010403102488387155
15411,0.35693396270597105
15412,0.2289267095033992
15413,0.007729735849940592
15414,0.03168959361921834
15415,0.01761247339040504
15416,0.016047622472255656
15417,0.041264343241268944
15418,0.5588484147928642
15419,0.1749465116896606
15420,0.013686084335223328
15421,0.5401577087791597
15422,0.11058599970644545
15423,0.6056160994043953
15424,0.8130722586931973
15425,0.01341613406453693
15426,0.012758621450368355
15427,0.7885029603964171
15428,0.578119053067092
15429,0.02481753977384893
15430,0.3038502512949959
15431,0.05167520329065558
15432,0.019695392699848487
15433,0.5388639631358653
15434,0.012131452979263397
15435,0.727096339746351
15436,0.7130977230601935
15437,0.024247247006298347
15438,0.7789254922694238
15439,0.026215208637108592
15440,0.013260864941136147
15441,0.38704653418404594
15442,0.6360895210092571
15443,0.09975499886375083
15444,0.5349113328806632
15445,0.05533816591987212
15446,0.14886757239714066
15447,0.012402438970954966
15448,0.8447083763756416
15449,0.3771926225541572
15450,0.020965013868898576
15451,0.020003187855636543
15452,0.39802881641209875
15453,0.12238298229948813
15454,0.04769009988251616
15455,0.12231682965297175
15456,0.37371781375808144
15457,0.45001674350633514
15458,0.6812347933744388
15459,0.4870132650880002
15460,0.7702687248248209
15461,0.033401354839199725
15462,0.2619670230857172
15463,0.6135247244742607
15464,0.008992505297478068
15465,0.4683903891672385
15466,0.8182634428607093
15467,0.5872280280166987
15468,0.396284444026841
15469,0.07953722445080684
15470,0.007370689097722131
15471,0.020999127153172974
15472,0.026397170465124572
15473,0.4261220444871804
15474,0.05281303369113239
15475,0.07312795992964002
15476,0.7336375056698803
15477,0.4166633405352965
15478,0.011067125129644539
15479,0.0426962402349867
15480,0.006493877699738509
15481,0.018217990989858115
15482,0.008299607126068203
15483,0.7342674463501673
15484,0.8077950936748742
15485,0.03645203910881234
15486,0.7323326256848596
15487,0.5292167303462578
15488,0.8424682859776174
15489,0.4869813892419869
15490,0.6317744514573664
15491,0.6548849788947692
15492,0.747903586663619
15493,0.774319990974262
15494,0.3148583358604639
15495,0.01688187239193019
15496,0.026956560866641305
15497,0.08580010343873382
15498,0.3140343946920129
15499,0.6395896478561843
15500,0.02687879323540516
15501,0.01089985430362312
15502,0.06547699744125152
15503,0.6709022898822217
15504,0.3108882451561297
15505,0.7970426862153153
15506,0.7232349172736234
15507,0.025407621364670216
15508,0.8147575167561665
15509,0.01979573279795676
15510,0.5816549479956268
15511,0.7912923835194453
15512,0.03912159815536016
15513,0.0174057893727086
15514,0.40456335061655235
15515,0.8780745957497174
15516,0.8936040178732237
15517,0.47293724826538663
15518,0.7133317626110968
15519,0.00682930213921076
15520,0.012835490265112874
15521,0.165469170653454
15522,0.014859084149964381
15523,0.05551475357273402
15524,0.42450253672583144
15525,0.027128095825553283
15526,0.0644350888528061
15527,0.6116501535715494
15528,0.00895385351284047
15529,0.022603469830773604
15530,0.029474986334837715
15531,0.018000430651095807
15532,0.4037037979170487
15533,0.7364340313146883
15534,0.01845623999140211
15535,0.5520714352386417
15536,0.6287270478779987
15537,0.012312320435468956
15538,0.6944048251918222
15539,0.42927429798172334
15540,0.18003485721392154
15541,0.721929184435886
15542,0.012892526392950826
15543,0.4390332148679297
15544,0.025785281977865372
15545,0.7673524625076029
15546,0.3969046818634855
15547,0.6215276967621001
15548,0.11453591664983233
15549,0.026671116925524086
15550,0.3947458431373627
15551,0.291945944358552
15552,0.6808397970235909
15553,0.7133897070833278
15554,0.03219376115313651
15555,0.567160732019986
15556,0.006979477795707566
15557,0.6684775436209889
15558,0.7712326116312046
15559,0.7812232304026205
15560,0.38997259311299226
15561,0.8740207532357585
15562,0.03236983700081786
15563,0.034202607072632014
15564,0.5134887349667224
15565,0.020419143789514944
15566,0.8004161630074639
15567,0.01902650878490325
15568,0.05429863812530979
15569,0.31095330404624827
15570,0.021417705565455664
15571,0.05184588209042004
15572,0.014823365274876509
15573,0.08582430623941038
15574,0.012574074895196253
15575,0.5750024118566852
15576,0.43463526689111515
15577,0.3670277786353398
15578,0.45352133632284775
15579,0.7244567605565154
15580,0.7507009918530463
15581,0.4971797815330925
15582,0.20876716516607405
15583,0.011559753446030194
15584,0.792823640729505
15585,0.4169520820518034
15586,0.3570735552828173
15587,0.5841361268665639
15588,0.22165519798232597
15589,0.7988275304309956
15590,0.739397471199318
15591,0.021344792029936447
15592,0.6498094442049949
15593,0.43531967783437
15594,0.4843221208638939
15595,0.11658839445119333
15596,0.009705759771031094
15597,0.45605460196900677
15598,0.034068440139737935
15599,0.517080490898564
15600,0.2002745337808042
15601,0.377894105851841
15602,0.055654834462938306
15603,0.021324893441238228
15604,0.019067961949201913
15605,0.35347385167295553
15606,0.53119036326041
15607,0.013453373689561003
15608,0.38482245266773596
15609,0.05197620193200998
15610,0.5644609139129998
15611,0.034375585615502566
15612,0.20393321935987496
15613,0.7868734080544686
15614,0.6044823817503352
15615,0.34438961812520774
15616,0.04279743443058709
15617,0.5880237514845521
15618,0.5583026934340354
15619,0.0305453322016013
15620,0.3853864780970574
15621,0.02766460599597504
15622,0.6238542049813649
15623,0.05551324666955313
15624,0.629415651987964
15625,0.17822205531207655
15626,0.536586428298516
15627,0.26112595193177285
15628,0.3276172116465219
15629,0.012384854887766712
15630,0.2976278256315145
15631,0.30209927264002623
15632,0.6008052674811397
15633,0.6097676691720413
15634,0.5361172289495393
15635,0.5748768359086307
15636,0.013400598991905946
15637,0.027652571227950538
15638,0.17787546785406386
15639,0.025074875730185263
15640,0.007433813589244845
15641,0.5739069689830428
15642,0.011903265134395467
15643,0.7496876645776928
15644,0.18583281819823685
15645,0.03408850013898582
15646,0.0153071547298957
15647,0.33179883672353655
15648,0.034334102254488144
15649,0.12532041626872126
15650,0.009901924231770578
15651,0.30769477478005913
15652,0.284280019442621
15653,0.018936317450520237
15654,0.010669306157546651
15655,0.010079151122660642
15656,0.012671965847399937
15657,0.34822413690823106
15658,0.017983253028152384
15659,0.49823548618925045
15660,0.3889246861942869
15661,0.7924593460717607
15662,0.028892639050227625
15663,0.2741954428864103
15664,0.43879173994975834
15665,0.5283415532958896
15666,0.5664724249907596
15667,0.09486453989215832
15668,0.07607327653600833
15669,0.7376266468399959
15670,0.637654055539639
15671,0.7000391659526722
15672,0.7465140160059988
15673,0.641436219061251
15674,0.2522866041560653
15675,0.3889384259969595
15676,0.31360407176251165
15677,0.7667154984400184
15678,0.6566708620991676
15679,0.22131385994204864
15680,0.10104923200664419
15681,0.04318609759740968
15682,0.023550794464875482
15683,0.44677390970213315
15684,0.5334018467370604
15685,0.009453185628692686
15686,0.2670310603957836
15687,0.12605665606244465
15688,0.025185159461922256
15689,0.7221796782125034
15690,0.5156684016541769
15691,0.011482450280537126
15692,0.5136950394726394
15693,0.671901387071725
15694,0.023079701007890117
15695,0.6403893770313841
15696,0.047211928239796884
15697,0.1809852659330829
15698,0.32179927852143747
15699,0.046720709228252985
15700,0.6544841956458621
15701,0.00823267371319304
15702,0.0412549487604537
15703,0.010677847708159906
15704,0.026161668236526436
15705,0.03653076300434404
15706,0.5398138745459284
15707,0.00949832083209156
15708,0.07567329628336279
15709,0.6224554984609
15710,0.055071525308885115
15711,0.2809170086721116
15712,0.48046721184439234
15713,0.0173260697080584
15714,0.3659462660983777
15715,0.007999818831924995
15716,0.7324408876431547
15717,0.5603826463891436
15718,0.44957259740641375
15719,0.026236890115937217
15720,0.6112657235131076
15721,0.030702202689371225
15722,0.21310717381026242
15723,0.3719883849560524
15724,0.6352207388499909
15725,0.6754754214737675
15726,0.019188494040032773
15727,0.04073163008098228
15728,0.7853895604326989
15729,0.013981336637585684
15730,0.01119643626552824
15731,0.48745802092745294
15732,0.0319705256147442
15733,0.5898343788560315
15734,0.5443583561318159
15735,0.07045948714697145
15736,0.08194064036200828
15737,0.5778438585131948
15738,0.0158173941049157
15739,0.008891251904259686
15740,0.04032157955690645
15741,0.3709906930474057
15742,0.7914890303902596
15743,0.010831162253124513
15744,0.018227495833068486
15745,0.006796701812494146
15746,0.013891922875535779
15747,0.5776512604930488
15748,0.010310350775009733
15749,0.6068732294907749
15750,0.04203149809748169
15751,0.03981156512193671
15752,0.7981552487193797
15753,0.46076384852192054
15754,0.37722099400445575
15755,0.67126713088029
15756,0.7367744903008123
15757,0.029161896754814325
15758,0.01714364229728898
15759,0.04607388194416015
15760,0.14592700056454286
15761,0.02186956425310059
15762,0.744990099483567
15763,0.8144867410608055
15764,0.016372706491236618
15765,0.7063373291629552
15766,0.3329454988665358
15767,0.7808860360752721
15768,0.6506474461504508
15769,0.05939239104310211
15770,0.008662140177598462
15771,0.011179268782493274
15772,0.006363228538567959
15773,0.3937429354537205
15774,0.2882107079045747
15775,0.009295376391967066
15776,0.5212824325889794
15777,0.47004978085266985
15778,0.7374186678952961
15779,0.059983382382159355
15780,0.024570403405769187
15781,0.3747806580787167
15782,0.031463863080953204
15783,0.4611206089296369
15784,0.7739067270117387
15785,0.49172792170562946
15786,0.03632036772769385
15787,0.1577984483219694
15788,0.6539996903285317
15789,0.4028312996297481
15790,0.10208321048799551
15791,0.3007369524270943
15792,0.16961068876065405
15793,0.006621408084580551
15794,0.615579071229369
15795,0.2399039061425092
15796,0.019095537399361758
15797,0.18439164079084513
15798,0.7119042269264083
15799,0.023779920877881427
15800,0.24131218698879003
15801,0.5262565574921371
15802,0.5936713505173271
15803,0.06230664930502137
15804,0.3079708354534447
15805,0.36584352211290705
15806,0.027710785585013106
15807,0.26401836734031614
15808,0.046097569720273866
15809,0.8611636407415958
15810,0.34555303639760426
15811,0.06484450189739617
15812,0.6480164246876559
15813,0.3657502652997956
15814,0.8048541226034905
15815,0.009287332664397897
15816,0.7956689847909133
15817,0.58250274656346
15818,0.48755444989500046
15819,0.49984818236907674
15820,0.07014895082028988
15821,0.2112852972689598
15822,0.07154701853130171
15823,0.8196940825765697
15824,0.3138511371881795
15825,0.05561946454409337
15826,0.013152566012508998
15827,0.08133699018397078
15828,0.7359684787145896
15829,0.006828325466126689
15830,0.0073281768103250515
15831,0.028515522816477835
15832,0.68721298017239
15833,0.012909128375329426
15834,0.5378037855727624
15835,0.0280517921991311
15836,0.5350444513967239
15837,0.016965814330876836
15838,0.38162157260817353
15839,0.025991246491624494
15840,0.0048405571136891585
15841,0.4338210475666103
15842,0.24212778880369035
15843,0.6690575948184587
15844,0.5615737534070221
15845,0.003640838863401735
15846,0.010064863933170999
15847,0.40662744974221
15848,0.6414198707742249
15849,0.011321707250343236
15850,0.7074790606016131
15851,0.04998343594875951
15852,0.8171894851009918
15853,0.07531151989119006
15854,0.4880737507777951
15855,0.5573665581542411
15856,0.01613155301786957
15857,0.026878802846106192
15858,0.01547480173677275
15859,0.008124975839581532
15860,0.26682994781556146
15861,0.12064730330304126
15862,0.2274681527804233
15863,0.8245126241509143
15864,0.04281445517379892
15865,0.31809775568231174
15866,0.44245219698913846
15867,0.6808821708273838
15868,0.4233422736933673
15869,0.004822255645664849
15870,0.02403193661615568
15871,0.01001475716874464
15872,0.6984395937007959
15873,0.6566297720682603
15874,0.06705154652103974
15875,0.14364678162375574
15876,0.006907934207208095
15877,0.01714399625586982
15878,0.629950158551265
15879,0.3822297388573179
15880,0.5775996704413651
15881,0.799276439982002
15882,0.009366521334096722
15883,0.08202405369358057
15884,0.24209956364374793
15885,0.554264248160699
15886,0.009079614116247905
15887,0.33433553965421375
15888,0.2587669568688856
15889,0.831081901766564
15890,0.29142524330274816
15891,0.6652009130460466
15892,0.014896050288014271
15893,0.5082063763539897
15894,0.3951782903670159
15895,0.008704621835242614
15896,0.6015853659148469
15897,0.028120745294869128
15898,0.02466283202214594
15899,0.014566657684118864
15900,0.7253235562747952
15901,0.6813528302296739
15902,0.7227048435715568
15903,0.7181205786007961
15904,0.7219735603581257
15905,0.02772623891284679
15906,0.37747390709839945
15907,0.49208005194098176
15908,0.012095416960803407
15909,0.7018603167146372
15910,0.6635594679127388
15911,0.05039899183492022
15912,0.006982032118268285
15913,0.009606186304032443
15914,0.022347204575905263
15915,0.8902423339911258
15916,0.031627366465389904
15917,0.03310039893028006
15918,0.025169956717177103
15919,0.05240940100970057
15920,0.012252382675553022
15921,0.4428783841331862
15922,0.016782254849820114
15923,0.05047382235871347
15924,0.14234167973433473
15925,0.3697234429681544
15926,0.03369074023857734
15927,0.01839076385458613
15928,0.643639619536008
15929,0.4217903086176325
15930,0.011194986283401959
15931,0.04389865146256616
15932,0.8501227537375624
15933,0.4678498889596716
15934,0.4293071912392898
15935,0.4364318357606876
15936,0.49155572853620716
15937,0.4078159082693884
15938,0.008109887393259914
15939,0.7155625797686219
15940,0.025722745142422784
15941,0.012769511904844353
15942,0.5080295912645988
15943,0.46767272633805845
15944,0.5579789610130209
15945,0.045659498323984485
15946,0.7041532910630687
15947,0.11727836651256218
15948,0.6017391081556401
15949,0.10842732027121545
15950,0.06513531764407243
15951,0.676992126259489
15952,0.5896379094636244
15953,0.3992576061061076
15954,0.5896976279670179
15955,0.7270467010409174
15956,0.6227080983826824
15957,0.4647461911429118
15958,0.30046162208826055
15959,0.5336503363159958
15960,0.10058084166330691
15961,0.02100621883583302
15962,0.5598429789719381
15963,0.7321266180115826
15964,0.047654203479659846
15965,0.11668631583087474
15966,0.02728550921603173
15967,0.37679546659074636
15968,0.4174486061173528
15969,0.01850442219461968
15970,0.017751150503493865
15971,0.6960689290275281
15972,0.018408465743878798
15973,0.7306373126715896
15974,0.7353537615682013
15975,0.1775910112580204
15976,0.09901023731380325
15977,0.3204381331337945
15978,0.17866292647234544
15979,0.3938282589936881
15980,0.7657924847968244
15981,0.8032559789766156
15982,0.047580725584421536
15983,0.02669186220250884
15984,0.6410933506192119
15985,0.8310584444423055
15986,0.5528781931055456
15987,0.7085425564767418
15988,0.011377309135698581
15989,0.3262849067041022
15990,0.6844235160792059
15991,0.008988122211939566
15992,0.011351793726614483
15993,0.5769002615686565
15994,0.19903645586366492
15995,0.5842976472710375
15996,0.45723208232122214
15997,0.04726856155736857
15998,0.04468168257924232
15999,0.02809582478418162
16000,0.038903550213120544
16001,0.6320685502324004
16002,0.6289069488935072
16003,0.4338744578037071
16004,0.5748920831203069
16005,0.6883027159362161
16006,0.3207232577506562
16007,0.1294334412608457
16008,0.5017531571338993
16009,0.014063077151085382
16010,0.6715056207039828
16011,0.8764364795006226
16012,0.6181323794604052
16013,0.8387067069374675
16014,0.4144789099621055
16015,0.5532555298706743
16016,0.01358500120346089
16017,0.49383592313642777
16018,0.029816681395335158
16019,0.5883831940800537
16020,0.5649538001139485
16021,0.035223080697141015
16022,0.33733146034953443
16023,0.3972828446052599
16024,0.03138217622560296
16025,0.029706337353410325
16026,0.45764673865205746
16027,0.027608799268840904
16028,0.029545938893527288
16029,0.5255573101203881
16030,0.009210149054467572
16031,0.20736637459563834
16032,0.7680203223798113
16033,0.8845740131012563
16034,0.4419078158461233
16035,0.8354944759725937
16036,0.8208796240903455
16037,0.014708085768031388
16038,0.0927825592903029
16039,0.6229628746423651
16040,0.0181861280194366
16041,0.2453434321243823
16042,0.18167209101619292
16043,0.017616192590715007
16044,0.5417279772262034
16045,0.7122549602604366
16046,0.017300422651145675
16047,0.41321188009589394
16048,0.540874370183159
16049,0.6676583204953769
16050,0.04978166503606024
16051,0.05469089526079274
16052,0.6424313529181362
16053,0.803491859415439
16054,0.4439782071139309
16055,0.7598249660669276
16056,0.01116200725892015
16057,0.6040806086485886
16058,0.01887772540756908
16059,0.04747396674392546
16060,0.6330431003637356
16061,0.5403386467012083
16062,0.6751315768637385
16063,0.009910896177302767
16064,0.6210599931196013
16065,0.6553616375632806
16066,0.04977922974722663
16067,0.6823561550616944
16068,0.036857926541404115
16069,0.48521236186216204
16070,0.5576680892750593
16071,0.3985275574719227
16072,0.46652626025291727
16073,0.5413697361095794
16074,0.522061786985567
16075,0.8021677962973041
16076,0.689090325483718
16077,0.0409920657664413
16078,0.3138347190333766
16079,0.6251650710961008
16080,0.5371090111720347
16081,0.06631611575505743
16082,0.012338106891339693
16083,0.04419185847685343
16084,0.48060921551099445
16085,0.38263702633448765
16086,0.0570178939362834
16087,0.24289050334701162
16088,0.02488583249653536
16089,0.8696966243660894
16090,0.6438305412010674
16091,0.052122810506161084
16092,0.02416907158022894
16093,0.44236997968170344
16094,0.009720349463160232
16095,0.8243557617007784
16096,0.25795325823040155
16097,0.6487333568284138
16098,0.09473967783359082
16099,0.7570968512784568
16100,0.00894421081793973
16101,0.5468650881656401
16102,0.5139446715200696
16103,0.5893915777692273
16104,0.027191365051058396
16105,0.02902812040393726
16106,0.2837814998850886
16107,0.1391762594895694
16108,0.05377325881418496
16109,0.43710556117953825
16110,0.019150523030469987
16111,0.3653499945218126
16112,0.1768809255781711
16113,0.6150019907532687
16114,0.7831601075732005
16115,0.037108197784131845
16116,0.02204082811618039
16117,0.6377987969560229
16118,0.01420124436090717
16119,0.012152769861670262
16120,0.016429054630660474
16121,0.018818033368535936
16122,0.6073994123548083
16123,0.6819780953662795
16124,0.0265544377701597
16125,0.04299474631873543
16126,0.020741794745996498
16127,0.3037279588040328
16128,0.7306641222459053
16129,0.052102005998078425
16130,0.6746125116944153
16131,0.7365796314746187
16132,0.4241871672052293
16133,0.02474908748727158
16134,0.00989104276559294
16135,0.6178743232230685
16136,0.44160368726256793
16137,0.6035942115751627
16138,0.018176817063161058
16139,0.6353566602072895
16140,0.6227513906537622
16141,0.10752783785160161
16142,0.7196678742331226
16143,0.004617702029381739
16144,0.7247148250415151
16145,0.01466805697152282
16146,0.7221488352008066
16147,0.016665046085978526
16148,0.620104809499362
16149,0.645074278067472
16150,0.39764821041426146
16151,0.5657442907651564
16152,0.3627827249046668
16153,0.30318374470650133
16154,0.051881071940318095
16155,0.5301852413986891
16156,0.7461975733657351
16157,0.10097587371772436
16158,0.5454638540484884
16159,0.018033991987212162
16160,0.007189558407837315
16161,0.23486079591375653
16162,0.009791615890661173
16163,0.029892724733013173
16164,0.6882372009981792
16165,0.6186585153597457
16166,0.014499328515861339
16167,0.4543298723293231
16168,0.03591194765910667
16169,0.7829313035154873
16170,0.47028249898932384
16171,0.30527946431346886
16172,0.06818227742263133
16173,0.011553901546330937
16174,0.5254939564926875
16175,0.7356433301908046
16176,0.4173345213575475
16177,0.29970571168560206
16178,0.6327708864494156
16179,0.50442575545081
16180,0.2367539952187892
16181,0.016348748555727027
16182,0.6019728626745869
16183,0.6614985842516318
16184,0.607801786412343
16185,0.018737083892647444
16186,0.8122015323838317
16187,0.6268728158457739
16188,0.013445415696933164
16189,0.4446809310441792
16190,0.7053922276692624
16191,0.005062284083179266
16192,0.30148187503586854
16193,0.7877843348180508
16194,0.01869448339007526
16195,0.03902989525188273
16196,0.007979004335666189
16197,0.01338464957832454
16198,0.023156879824111548
16199,0.7197858870792753
16200,0.6582574034834612
16201,0.562352503120615
16202,0.645885756306805
16203,0.021282469150880827
16204,0.010212606572890174
16205,0.6299477250267996
16206,0.5839733437749102
16207,0.012824507515685955
16208,0.6815595780063856
16209,0.015765310563163784
16210,0.6731224300711567
16211,0.44579407504890545
16212,0.6623940804847651
16213,0.04352149286180394
16214,0.40706863855605757
16215,0.013087464547958307
16216,0.018421475160969085
16217,0.32341953863754114
16218,0.4094239245472613
16219,0.022638608979073584
16220,0.7385971548299788
16221,0.7767826473907907
16222,0.2541524057276368
16223,0.4042358206249227
16224,0.009815533275640245
16225,0.041722332238028306
16226,0.57372132434677
16227,0.6991338318165211
16228,0.02364391319005521
16229,0.025891145249555318
16230,0.013091884897538035
16231,0.6027610113737758
16232,0.4665216624290984
16233,0.40587077896172247
16234,0.21590057040739227
16235,0.2797179512810235
16236,0.7268390838796163
16237,0.8179686733500784
16238,0.3337802038974259
16239,0.408909230600277
16240,0.0063105774285024336
16241,0.0156902910906129
16242,0.07612894627461263
16243,0.04262162961010632
16244,0.6370154720498628
16245,0.6874802855574473
16246,0.5123960231471937
16247,0.39418296954341686
16248,0.7129471999995072
16249,0.41404151593741567
16250,0.010566514955616502
16251,0.14317887746767016
16252,0.37094788527941314
16253,0.017090270598722822
16254,0.036315421104192475
16255,0.6012407303169329
16256,0.44321057860991847
16257,0.4794950030341466
16258,0.48086500250149095
16259,0.30485288119239873
16260,0.02680412473643371
16261,0.679160293701333
16262,0.5255344182090914
16263,0.03225435736568607
16264,0.7526206943876848
16265,0.03911867150392305
16266,0.8670965024500927
16267,0.010042973216597204
16268,0.018166764087608107
16269,0.6318042618256313
16270,0.02669539370681878
16271,0.24494043031095594
16272,0.6795053986107329
16273,0.3206278342798894
16274,0.01523819474039921
16275,0.5093003257034705
16276,0.02496185313912457
16277,0.5416797900121249
16278,0.6143108948617416
16279,0.059600957398911525
16280,0.6492751070640815
16281,0.9213091034541293
16282,0.6451443182074221
16283,0.48019072077668423
16284,0.3996363326042549
16285,0.7350362809517493
16286,0.09975068945978058
16287,0.06024117333385108
16288,0.5949183982031037
16289,0.2991327594591237
16290,0.4267557850913388
16291,0.039287493089938286
16292,0.014691741909780927
16293,0.018872589677363973
16294,0.6232404095159614
16295,0.5480385974126837
16296,0.016387594772683336
16297,0.75450324043678
16298,0.6516507821209855
16299,0.022630474547834616
16300,0.08836847475403431
16301,0.6598853021519643
16302,0.024654963552310085
16303,0.020377166136908785
16304,0.024462917184886874
16305,0.33923984682786157
16306,0.27732945053041336
16307,0.7001282918565537
16308,0.47470438893808403
16309,0.021914285042089327
16310,0.4694432143191736
16311,0.06936606598102904
16312,0.7207788146454195
16313,0.4109928128025646
16314,0.8196272151289363
16315,0.44569504598099735
16316,0.319453830523337
16317,0.5003258950689097
16318,0.12025438690957085
16319,0.40511252129294084
16320,0.008155545691392258
16321,0.013611891986821084
16322,0.6047300213165717
16323,0.5869756051857837
16324,0.33886709461291775
16325,0.2656803311339535
16326,0.01794193653751995
16327,0.863516851618562
16328,0.023175461863814414
16329,0.3853957532526683
16330,0.11577338663600405
16331,0.6734342243928824
16332,0.011736280867944815
16333,0.23594083125656623
16334,0.5057954120826879
16335,0.46990624753870225
16336,0.3067738832991933
16337,0.5100925128983211
16338,0.022373050859762628
16339,0.09374453679279263
16340,0.4571518999215888
16341,0.4835161829424589
16342,0.7196309131747698
16343,0.12736984413622615
16344,0.853221175557031
16345,0.5756706342285764
16346,0.037422945243451876
16347,0.488473591009359
16348,0.057221347753212075
16349,0.2586420511550417
16350,0.5324644635229621
16351,0.8447368424133119
16352,0.557012386804901
16353,0.5024760477617933
16354,0.7961511045578508
16355,0.5334775495567413
16356,0.4518313545830801
16357,0.20777131931963422
16358,0.8424083395963897
16359,0.31656529147688944
16360,0.7890216996302037
16361,0.018441355418470032
16362,0.5963553698774479
16363,0.6787885863416134
16364,0.7946294027852734
16365,0.01048380095376137
16366,0.019002449408996112
16367,0.3631412365550586
16368,0.6039877019292403
16369,0.36233226340578
16370,0.2685129434029884
16371,0.25748767723070226
16372,0.5206011054245467
16373,0.6364290468250333
16374,0.020578339317815712
16375,0.7620529737302161
16376,0.6881066168206924
16377,0.41808023462345495
16378,0.02946762955799521
16379,0.006598887317352335
16380,0.7164466909411852
16381,0.05854357035357532
16382,0.011970977183307197
16383,0.1941086217331638
16384,0.6043482219502563
16385,0.15132066534155458
16386,0.020740001315499544
16387,0.593250527218417
16388,0.1269996604402669
16389,0.3974093954537066
16390,0.3382580484706486
16391,0.3668804409382832
16392,0.5034653118543811
16393,0.02392452968740466
16394,0.3566222822521042
16395,0.6394273549282277
16396,0.03305375164799341
16397,0.2176726616360353
16398,0.21848557976392868
16399,0.012367562674555556
16400,0.2960810367682035
16401,0.3435049798715917
16402,0.8363458025341455
16403,0.6889809120110071
16404,0.013191727458673102
16405,0.01144358993370596
16406,0.8443315959461067
16407,0.21462506600352022
16408,0.016507261662749406
16409,0.7801561433824058
16410,0.02618198901702905
16411,0.036086456858248094
16412,0.2488946345478959
16413,0.31796572776339954
16414,0.643716773412398
16415,0.06699119639979102
16416,0.00985298887886256
16417,0.6759675703449016
16418,0.13821724554945758
16419,0.39668823297187755
16420,0.023157503113153476
16421,0.45064424713686557
16422,0.0196555956193641
16423,0.6411362856876032
16424,0.016792342506778215
16425,0.009510829049828877
16426,0.8169377802169029
16427,0.10518142176187632
16428,0.6824736366514259
16429,0.016473691143142358
16430,0.05418579967247466
16431,0.7444239240339933
16432,0.02549398198842057
16433,0.2078365770754509
16434,0.42907802523314126
16435,0.1394562641898152
16436,0.0704648166979383
16437,0.3224086459500851
16438,0.013519469844628478
16439,0.015405949582840733
16440,0.0100665711322055
16441,0.36544469242747035
16442,0.053858041426331604
16443,0.5134591497283238
16444,0.3409777617748167
16445,0.5558356721574583
16446,0.011020253728801962
16447,0.007068508341980462
16448,0.006158061446982759
16449,0.8609485790891976
16450,0.513506692970871
16451,0.3694383737811584
16452,0.818101402628444
16453,0.5583018517118834
16454,0.07023193383436485
16455,0.059248982753149236
16456,0.6311496929366075
16457,0.038213705523009546
16458,0.4950396859444693
16459,0.03002532124397436
16460,0.05527818398201226
16461,0.46888466700811493
16462,0.0826358087754474
16463,0.2839062579842279
16464,0.30520297476423563
16465,0.822068653159379
16466,0.03258255362848924
16467,0.6607481366769019
16468,0.040063626711959274
16469,0.012701873241791102
16470,0.03956077583941255
16471,0.00766763317293053
16472,0.41694188763546614
16473,0.6290721115682265
16474,0.3038947560859527
16475,0.03457963192993065
16476,0.04155993658904174
16477,0.410109974430655
16478,0.013987206108751737
16479,0.22501964319415643
16480,0.015260044883545553
16481,0.34214157140036616
16482,0.5554681405017416
16483,0.28823957468659744
16484,0.02177027913629828
16485,0.6145311452277769
16486,0.5872484086777819
16487,0.3508453372170449
16488,0.7002543920915741
16489,0.09087787226013797
16490,0.026821013637267004
16491,0.5580272951916375
16492,0.8122621559936478
16493,0.2708371428497117
16494,0.045463633322697934
16495,0.020563499580864304
16496,0.12207418026633338
16497,0.2098806745195413
16498,0.7562518289423449
16499,0.5103849733768495
16500,0.6922007745009078
16501,0.03170196097262027
16502,0.775391399354012
16503,0.11957843986318108
16504,0.582353131107894
16505,0.010277489167491556
16506,0.514473663148466
16507,0.1076216278988768
16508,0.7443799363818209
16509,0.7775727541152594
16510,0.010975599552423962
16511,0.6059660909077991
16512,0.015770867883036756
16513,0.02731987256594919
16514,0.5052974726841672
16515,0.024523711035352877
16516,0.0095447217683558
16517,0.5805771245627422
16518,0.6820279627364516
16519,0.8429834141415504
16520,0.014372239868203397
16521,0.5840786868903732
16522,0.7874705839878693
16523,0.30541943151880524
16524,0.6869576391704358
16525,0.48789509375077444
16526,0.7166896208789972
16527,0.017172041284722602
16528,0.028985659647927552
16529,0.0097483027174569
16530,0.7274811351504513
16531,0.4178719095329281
16532,0.46468600912680835
16533,0.019528363363186745
16534,0.43144900492252314
16535,0.6780679177137132
16536,0.021083773306877846
16537,0.6049017524903251
16538,0.26923064648767414
16539,0.0067353231007042345
16540,0.007591550085690421
16541,0.7806639705246259
16542,0.018985399248994658
16543,0.6616702903861373
16544,0.010993592159312806
16545,0.007819679640052502
16546,0.11754196695781158
16547,0.4647412426806338
16548,0.6507798605691909
16549,0.0111888752861526
16550,0.4138329733003295
16551,0.6475824875053118
16552,0.5163625934545157
16553,0.5139957451245771
16554,0.6088057831199328
16555,0.012589013287422086
16556,0.0628905321608187
16557,0.03671521910638558
16558,0.7315595555427652
16559,0.5851976945196288
16560,0.06742925243064099
16561,0.41779535397969003
16562,0.24312647383580632
16563,0.4812020561591266
16564,0.01911295429357536
16565,0.8630303334270125
16566,0.5374026108909973
16567,0.5873323142156847
16568,0.7016590660297523
16569,0.39960277148764217
16570,0.028600673327722977
16571,0.7813267755402915
16572,0.029049067873654168
16573,0.020120631099912835
16574,0.013297358323732753
16575,0.4709623417789883
16576,0.7249961766789137
16577,0.0130998844030917
16578,0.3005843999165256
16579,0.010755551021720471
16580,0.9026819497490903
16581,0.00949404205350408
16582,0.5239387850200863
16583,0.7440826752284699
16584,0.01857666920021676
16585,0.022954054721137054
16586,0.3686637440442005
16587,0.014083296651257831
16588,0.023986204969934748
16589,0.6172148799751409
16590,0.23781882606712954
16591,0.006199302781402346
16592,0.46137628349299237
16593,0.008159015363164211
16594,0.4061550046510814
16595,0.5752924274436185
16596,0.548071065930369
16597,0.018935627879963095
16598,0.007669137559267925
16599,0.5837981548071511
16600,0.7619220428551072
16601,0.7594381677217314
16602,0.35233394556947517
16603,0.7150652768455851
16604,0.017560119540767007
16605,0.027042391419326448
16606,0.6298909100514463
16607,0.43377014842087436
16608,0.6360470169441113
16609,0.24329355160935026
16610,0.012024387569688813
16611,0.4914608039377124
16612,0.5019508924563961
16613,0.005648645839695998
16614,0.7707950369895562
16615,0.09195172621882174
16616,0.01274506865281901
16617,0.6702540427606092
16618,0.040537520643325615
16619,0.7621055696403374
16620,0.2803910544697273
16621,0.4082557966512373
16622,0.12231808067161837
16623,0.09532962270771354
16624,0.4006256681424102
16625,0.6928142151097825
16626,0.015927129138936975
16627,0.003392789033659747
16628,0.02514249359566189
16629,0.6103953521653451
16630,0.05548412943172815
16631,0.13406469236751575
16632,0.20522123324489142
16633,0.669780007503615
16634,0.5692925739451078
16635,0.7788285687363083
16636,0.6352941322544032
16637,0.22779995026405947
16638,0.07873975340667648
16639,0.12110824019252318
16640,0.7790184503713835
16641,0.013052299534525049
16642,0.4911102111843442
16643,0.004493993768921046
16644,0.3604066264803925
16645,0.6272104803474962
16646,0.027228160231147724
16647,0.867476522751877
16648,0.6025269079129894
16649,0.5047565999736825
16650,0.02748834374512732
16651,0.43466713198391793
16652,0.6539263254753326
16653,0.12996814325339295
16654,0.0650080884518913
16655,0.08452789552978517
16656,0.03477600892439591
16657,0.38134861455069247
16658,0.7319813110955959
16659,0.6043161808502587
16660,0.5241323468514382
16661,0.6489438184380707
16662,0.3549580099607498
16663,0.5653572828682616
16664,0.14663173182012249
16665,0.6851551193478376
16666,0.10836153370698248
16667,0.8290991903107476
16668,0.6832540211649538
16669,0.025507863757341525
16670,0.6842377604346467
16671,0.023211456180680125
16672,0.6668015736160939
16673,0.05356813080629443
16674,0.3934597485208785
16675,0.02952323936584422
16676,0.3217332081761704
16677,0.8330939805894272
16678,0.7410872760457218
16679,0.5569185930794454
16680,0.48180452396947665
16681,0.27313327728310255
16682,0.46797616765879846
16683,0.023125417658151286
16684,0.6152047560997993
16685,0.4932450920859684
16686,0.5893736120129609
16687,0.014838507370715338
16688,0.08664884604288246
16689,0.3034111507825021
16690,0.8411487157246633
16691,0.7516660987022723
16692,0.33527455877773576
16693,0.572713926092733
16694,0.5840023441307718
16695,0.042663738662021465
16696,0.009901480683889508
16697,0.6145467855033927
16698,0.03062167616343052
16699,0.006260393202293402
16700,0.04030586113898386
16701,0.35853344650714236
16702,0.02980551478967438
16703,0.021507140724681795
16704,0.08937974531006572
16705,0.2765421109559834
16706,0.7356647574806622
16707,0.007499330227470912
16708,0.005951288241005314
16709,0.5974533408710505
16710,0.5099037699633507
16711,0.2925639731602099
16712,0.31686974852597743
16713,0.05899281297323859
16714,0.03333202929345385
16715,0.6151453878126742
16716,0.7115154317393367
16717,0.36265262092682693
16718,0.4814942139433386
16719,0.008939266184942025
16720,0.46994474554303844
16721,0.6327835697007758
16722,0.6519805161711001
16723,0.01461944890499687
16724,0.5705308928279791
16725,0.41170708432001946
16726,0.05319714422018362
16727,0.7138642691082736
16728,0.3968466443371796
16729,0.04227054720659616
16730,0.40564477434925467
16731,0.016715249600770136
16732,0.03506020876371817
16733,0.024248602025474714
16734,0.4382767396098338
16735,0.19955338716725654
16736,0.2731346959432388
16737,0.26148649124377443
16738,0.692361495098613
16739,0.6257178951348378
16740,0.7096570738896119
16741,0.021989461336961863
16742,0.018080766395540727
16743,0.6408976885486664
16744,0.38689974250672665
16745,0.7254944319100693
16746,0.1833284203082587
16747,0.09776507287985979
16748,0.48711634501027523
16749,0.3683924121689334
16750,0.35340807538171104
16751,0.5247375503224949
16752,0.6380244912009929
16753,0.12460762045742291
16754,0.010500952561802808
16755,0.04868173874835148
16756,0.029035814887354832
16757,0.800315392822144
16758,0.43046051967679433
16759,0.2600466571685443
16760,0.23691993198660735
16761,0.030558059912813965
16762,0.020021070423308585
16763,0.8064512757877517
16764,0.03391598787021313
16765,0.6219290391614428
16766,0.34565798542904796
16767,0.022131020422416235
16768,0.6087539553800364
16769,0.750436543264485
16770,0.6353102816000031
16771,0.630247242665934
16772,0.4143460353596396
16773,0.04301779182300824
16774,0.3599915344331465
16775,0.24175966600699758
16776,0.6430392699721854
16777,0.01777764712660031
16778,0.3873144859794121
16779,0.6103685061041457
16780,0.7907853770796713
16781,0.07964788095866779
16782,0.7116715115335195
16783,0.8141957365070297
16784,0.4190734809327493
16785,0.3506384316179445
16786,0.7248720813009311
16787,0.48825303491751454
16788,0.013467254073237766
16789,0.026501601152446833
16790,0.42969826490778573
16791,0.4533576589815877
16792,0.006751141278536623
16793,0.07474725483601898
16794,0.05834483559253236
16795,0.6964176417997335
16796,0.11308816377613995
16797,0.5436081619091162
16798,0.018232431069297304
16799,0.5951425364330125
16800,0.7528213288231921
16801,0.019016460976841013
16802,0.3602530499759358
16803,0.49545604520537856
16804,0.026287321463247474
16805,0.012752218150628342
16806,0.8280147193542755
16807,0.8427877853962255
16808,0.3169892681505721
16809,0.6574145960726846
16810,0.4820058595662496
16811,0.6396983647568518
16812,0.06138766361583885
16813,0.24621860449201483
16814,0.038543551377941396
16815,0.3647807415000275
16816,0.7893803947368032
16817,0.4691730013529444
16818,0.006803866946085731
16819,0.5452502517406355
16820,0.3093258858915139
16821,0.7219556440478395
16822,0.6975148897994327
16823,0.3046719869132439
16824,0.01807298504172021
16825,0.12433985464971084
16826,0.3378596626362722
16827,0.03199180912172652
16828,0.6541937242987631
16829,0.01397105881236365
16830,0.01035034044840347
16831,0.14247367675221329
16832,0.7835020042085096
16833,0.4751672633623907
16834,0.6084081235581633
16835,0.42359064336458857
16836,0.015073834113343603
16837,0.560377801559526
16838,0.7847362786946893
16839,0.831226974589955
16840,0.48006862675974177
16841,0.6443593172980443
16842,0.006898631575439367
16843,0.5648888776203782
16844,0.10277267637892971
16845,0.025160685362289242
16846,0.022207348764096174
16847,0.011667098494773818
16848,0.09045691025122202
16849,0.329684260688124
16850,0.5391684722196601
16851,0.03067122423042592
16852,0.49048854516489737
16853,0.6607811071989933
16854,0.4938336718223214
16855,0.47417812692727673
16856,0.3224748325392995
16857,0.010518342541802334
16858,0.6320324108183342
16859,0.6410294769128726
16860,0.5744951590734722
16861,0.015277120580172825
16862,0.039276829640672584
16863,0.019573013811900363
16864,0.3769729995636731
16865,0.7710898333864434
16866,0.427542523135602
16867,0.009385595783631087
16868,0.09396668381795056
16869,0.014339546768851078
16870,0.5585999720107971
16871,0.04911616029596284
16872,0.038001704050404955
16873,0.011548657976534454
16874,0.010802684872550563
16875,0.6221701013684263
16876,0.01817878714045753
16877,0.36590000565069913
16878,0.013283995383413422
16879,0.04684508677510102
16880,0.7587421331271534
16881,0.4185977407348234
16882,0.00727920765493947
16883,0.6351576714950984
16884,0.43499291679269236
16885,0.3980785097234651
16886,0.5968059924826139
16887,0.44573561617188096
16888,0.7772504088297167
16889,0.7565218877858435
16890,0.6041849865415725
16891,0.6307589491399042
16892,0.7569845137082369
16893,0.054386494380888016
16894,0.8917165983617369
16895,0.25173770439702
16896,0.01257506411710166
16897,0.3097194854702584
16898,0.5247405430871436
16899,0.0126458438270068
16900,0.4641551415407387
16901,0.4876908778362204
16902,0.7123089634993831
16903,0.011308354065616725
16904,0.4939991700721372
16905,0.33112838187794835
16906,0.801015192080541
16907,0.3716596285035797
16908,0.7520118452450689
16909,0.5907677805104145
16910,0.013762980868759746
16911,0.7956657816056708
16912,0.6260255661736686
16913,0.7743220206455148
16914,0.0704178552525038
16915,0.034533750176913645
16916,0.041636144023606894
16917,0.6987906721320643
16918,0.47213631101737785
16919,0.06556969671406755
16920,0.7725752657231996
16921,0.05836018526761132
16922,0.0560537579778435
16923,0.00826712217714845
16924,0.31114883416818534
16925,0.035560653819363706
16926,0.679225245351335
16927,0.12090469870706307
16928,0.24557966872234632
16929,0.12004158524888792
16930,0.6322585762126403
16931,0.3689313698327802
16932,0.38062979794165525
16933,0.04582878921751557
16934,0.29203978309132256
16935,0.018049687710731704
16936,0.608649327346539
16937,0.4240025029955863
16938,0.02009032372542594
16939,0.012498139953361647
16940,0.8257692189800009
16941,0.019219277736431926
16942,0.5046675594318473
16943,0.40113320675064434
16944,0.8188154838500808
16945,0.7221577554183883
16946,0.5761306789906956
16947,0.6359644479286728
16948,0.8622729966407677
16949,0.3325867087068918
16950,0.5908379759416192
16951,0.7933493885751799
16952,0.01638976839876138
16953,0.30047600770044885
16954,0.046499767447955614
16955,0.564099249526269
16956,0.0534297672393704
16957,0.09140415759829858
16958,0.26695288304805687
16959,0.3189651947099943
16960,0.013078929577773223
16961,0.01261896969974688
16962,0.007864752177836122
16963,0.47930101627900656
16964,0.622470959487741
16965,0.44977410340670543
16966,0.8565620819217122
16967,0.26625028501570247
16968,0.5433478271607919
16969,0.03429605881792207
16970,0.3393065686749592
16971,0.01807048501651827
16972,0.6227510579759252
16973,0.7059844656471995
16974,0.017235523602493884
16975,0.42176000242895134
16976,0.060731467056802046
16977,0.7231410386244864
16978,0.8301177861569498
16979,0.3497857610550002
16980,0.8378064571377954
16981,0.011011256802513296
16982,0.0315512166937332
16983,0.37205414475959575
16984,0.1279942170200323
16985,0.21082215898659956
16986,0.005843088688089216
16987,0.36019759375064
16988,0.5361204478292658
16989,0.020198108476563663
16990,0.596209551396221
16991,0.21276172714516847
16992,0.6370347352134649
16993,0.5620374644278391
16994,0.5660224736225179
16995,0.009204991939139635
16996,0.020095950169906354
16997,0.012042180715443843
16998,0.2868935056109826
16999,0.024541894476050458
17000,0.523121796968205
17001,0.6736351359779844
17002,0.6557320594565028
17003,0.4104665767019674
17004,0.055999916769520854
17005,0.3039398148805993
17006,0.020942171602365393
17007,0.7229830596359078
17008,0.021294142367770483
17009,0.011759549362036844
17010,0.8780276051260514
17011,0.34602088836589273
17012,0.5305128982815788
17013,0.7405785311497742
17014,0.030099904202608333
17015,0.0182288086961468
17016,0.7696041704638367
17017,0.4958472108544072
17018,0.010286143597085502
17019,0.08341193534468522
17020,0.025052107592979364
17021,0.06884778894526647
17022,0.5069056767274165
17023,0.620427588821955
17024,0.015236182422769105
17025,0.01580032264000717
17026,0.01151002462395717
17027,0.30028858591782287
17028,0.007191315006740675
17029,0.11910089297011844
17030,0.022012609229602974
17031,0.7015360560866299
17032,0.3256317216771769
17033,0.9493072313953407
17034,0.7597590684783961
17035,0.7412484265742227
17036,0.016849110394093123
17037,0.027637169116856188
17038,0.32821195830454575
17039,0.7065322658780946
17040,0.01601178742274889
17041,0.007306462993213367
17042,0.016887457431752056
17043,0.01997472667563991
17044,0.006718563818655933
17045,0.03057339800340167
17046,0.008719955478408665
17047,0.486729305212943
17048,0.7348395288771283
17049,0.33925812820971163
17050,0.04354763465666786
17051,0.049209396751310516
17052,0.8301454360480243
17053,0.5067677535743906
17054,0.07512625715653433
17055,0.011470578267186234
17056,0.5753768902331461
17057,0.5607868977217689
17058,0.030695447951973896
17059,0.023157050095654264
17060,0.35465174293286617
17061,0.527814038917767
17062,0.06985963227780709
17063,0.007886663421045343
17064,0.7772875202187326
17065,0.6604853259330917
17066,0.021631051683931753
17067,0.034538079422785264
17068,0.5121963466329655
17069,0.00735212508478624
17070,0.7125472648716271
17071,0.5624330795992064
17072,0.01885649267873723
17073,0.008387971061084944
17074,0.48947440943967707
17075,0.014747924686875469
17076,0.5902956328997763
17077,0.7019949506338736
17078,0.01342771212390919
17079,0.0076234472800159395
17080,0.052521131610287104
17081,0.4720973444197507
17082,0.2930578606714652
17083,0.7270956429408133
17084,0.6815657819200271
17085,0.011796455023760461
17086,0.013305776239420712
17087,0.006174332753711901
17088,0.006027995135770244
17089,0.5680620456958855
17090,0.15765891547091657
17091,0.03658147680966535
17092,0.07272310518460086
17093,0.012968042414459867
17094,0.7617629322258926
17095,0.01053636705025744
17096,0.298372534205672
17097,0.514677275092652
17098,0.21096973771055708
17099,0.3377912004572118
17100,0.484748056152711
17101,0.5519972765005245
17102,0.019705760801298485
17103,0.027690743930952416
17104,0.07420743085086362
17105,0.009614978746747343
17106,0.4140797676277083
17107,0.651337189403476
17108,0.7674204840255832
17109,0.8128127216128671
17110,0.6408569028286757
17111,0.08248752316089553
17112,0.013318431280051078
17113,0.1280244114887695
17114,0.7367113465475156
17115,0.02388494594812278
17116,0.01522085679910538
17117,0.061785675009358935
17118,0.42714890059606797
17119,0.4081441673712724
17120,0.3096802225319221
17121,0.032049788668037
17122,0.2773231742639511
17123,0.42624784184496906
17124,0.6304493585385633
17125,0.2919555285632116
17126,0.017812871857712333
17127,0.02601406773859697
17128,0.7468659164782434
17129,0.3219843132648373
17130,0.457274401360096
17131,0.5552907647245079
17132,0.6885899886301763
17133,0.4883960260843904
17134,0.5893747136597464
17135,0.3092202917816247
17136,0.08861438658682722
17137,0.32626644423431794
17138,0.025776114427199095
17139,0.3273177254678844
17140,0.02439496491131528
17141,0.6594375830492126
17142,0.5069774193769521
17143,0.5230133827515473
17144,0.7106111983638543
17145,0.01671184335800297
17146,0.5643620067014553
17147,0.6312732461686397
17148,0.6313239493655373
17149,0.3549478300627835
17150,0.7835812533561086
17151,0.6965385453065778
17152,0.2881335005397277
17153,0.2726369068938516
17154,0.41407083303140235
17155,0.5946843991415185
17156,0.011833371990727502
17157,0.10699779846211206
17158,0.05522324719693118
17159,0.5194841980497246
17160,0.008641599830511038
17161,0.1561545254934631
17162,0.030689805667129866
17163,0.3602307252004326
17164,0.08629323786340042
17165,0.01991468516515725
17166,0.4968643296956026
17167,0.5992768314632944
17168,0.6023459828709518
17169,0.4559857067921793
17170,0.027933305703340232
17171,0.34810125574444795
17172,0.2705280324203959
17173,0.015092147349742893
17174,0.3595460490997381
17175,0.6663332724714245
17176,0.5233013653891354
17177,0.4946053419916755
17178,0.0366324986421453
17179,0.13220427323439057
17180,0.7104792912447323
17181,0.012220292700912688
17182,0.3664791858209605
17183,0.4845835742368569
17184,0.6720456625840496
17185,0.4778558858043629
17186,0.4189701567108508
17187,0.35549470933523997
17188,0.228233153767601
17189,0.4225669181676826
17190,0.5398022297088206
17191,0.01173262962262716
17192,0.7231223046325997
17193,0.031050527028769287
17194,0.04190939399314268
17195,0.01035192510484743
17196,0.022058357536919846
17197,0.6059326349109265
17198,0.8056281731163674
17199,0.003466858688561699
17200,0.8161316705703139
17201,0.4975036253596917
17202,0.01460848435407001
17203,0.4230904601630927
17204,0.3798353670474963
17205,0.6256846493074051
17206,0.02586948900052845
17207,0.4223520231158326
17208,0.02190069046691808
17209,0.01138284425071204
17210,0.009726730743313481
17211,0.5856090267952594
17212,0.7928657654734722
17213,0.3877434599356845
17214,0.41799075481242226
17215,0.2679524207283207
17216,0.5464267645499559
17217,0.6083985507521719
17218,0.012509280792464312
17219,0.7235133488723345
17220,0.7552876271003062
17221,0.6865569101889394
17222,0.7750361684086158
17223,0.7473166990038078
17224,0.7738246261019698
17225,0.015792510778907393
17226,0.04378077089110774
17227,0.29212486443574787
17228,0.574543069450838
17229,0.04065794963482619
17230,0.7863087598810881
17231,0.05658745417051185
17232,0.7347126136802007
17233,0.015247700105871575
17234,0.7870713549353944
17235,0.770173104528849
17236,0.5630587840472687
17237,0.4790497547804081
17238,0.03806661888514743
17239,0.5717222163775281
17240,0.45801688819468267
17241,0.7414549030806233
17242,0.911825305442556
17243,0.7498838611163139
17244,0.7690043834210344
17245,0.6929765248190731
17246,0.40844537606841713
17247,0.6800197482239524
17248,0.3837360254311409
17249,0.7370743402274836
17250,0.017502844084409927
17251,0.41023585538702995
17252,0.5455269270188876
17253,0.6296598245667261
17254,0.3608890230601076
17255,0.44629944419118667
17256,0.051877063360256194
17257,0.0020582182325433267
17258,0.551342134843596
17259,0.8816911400114492
17260,0.26840735853780556
17261,0.02776190109968439
17262,0.49667906531192163
17263,0.6098329886421461
17264,0.4308009720028074
17265,0.19730168315916677
17266,0.061352301907177345
17267,0.16812313741137908
17268,0.021743820980734116
17269,0.0208154325533721
17270,0.4468888520339323
17271,0.2702399987089169
17272,0.18439790878973297
17273,0.7827394909400978
17274,0.443140905928776
17275,0.021280173954446577
17276,0.1844301796445112
17277,0.38817221990109574
17278,0.050747776906715635
17279,0.5965935128111578
17280,0.014884836383446627
17281,0.08730776650929767
17282,0.006809645753406214
17283,0.16397589337298457
17284,0.04175770362215739
17285,0.013594371889087761
17286,0.8182816743515573
17287,0.5674545956778991
17288,0.47009026956666705
17289,0.6323939868618462
17290,0.6184339371559885
17291,0.4608334226609666
17292,0.41489400341716565
17293,0.1399067465746076
17294,0.5179063155205723
17295,0.04286731482534256
17296,0.022765833516373214
17297,0.6470105842309537
17298,0.5702992138522668
17299,0.44044708097675134
17300,0.02435297695060414
17301,0.605101601619592
17302,0.5285718132967268
17303,0.00979273335619764
17304,0.5282857933867522
17305,0.622431211184061
17306,0.4334890082830848
17307,0.006483801335590027
17308,0.05894717916049422
17309,0.050816991974392864
17310,0.00879122108706602
17311,0.01034749154746944
17312,0.008692545487353449
17313,0.5019327609732659
17314,0.8565938207769064
17315,0.0105279689361116
17316,0.6955239556452152
17317,0.009721842017949622
17318,0.46925431572135345
17319,0.022462989388002327
17320,0.3783921910519597
17321,0.3412854914118274
17322,0.5740162776829444
17323,0.778784217741633
17324,0.8182337803005131
17325,0.02514961070579806
17326,0.020603678486912764
17327,0.21992653242113624
17328,0.5701552909980871
17329,0.025219231436662926
17330,0.10683158378287838
17331,0.5738207680430917
17332,0.007893217481784884
17333,0.020765951188983483
17334,0.016024155433238752
17335,0.07518608834247668
17336,0.7590140487259147
17337,0.8001329585229672
17338,0.04340129450829872
17339,0.3665428070277586
17340,0.80998887747517
17341,0.7595161368353835
17342,0.48455586683720175
17343,0.802635626861445
17344,0.004643039625955287
17345,0.5491580230657106
17346,0.8827687294293928
17347,0.8115524536734218
17348,0.6975300499800643
17349,0.05553493231729068
17350,0.029128793995876364
17351,0.009208087111405784
17352,0.5729202375303928
17353,0.6004322120243352
17354,0.06371365037879327
17355,0.6620841033679311
17356,0.6843853886648975
17357,0.8931846240921806
17358,0.31488190152172635
17359,0.01424173014777862
17360,0.17334261015278854
17361,0.01970156536738568
17362,0.2499028721111159
17363,0.7239769313307259
17364,0.40057773835818367
17365,0.07355507549920601
17366,0.27325718070121663
17367,0.017336287798807058
17368,0.31931570909959234
17369,0.2546827250294593
17370,0.7686553541557455
17371,0.44381435888553933
17372,0.5828283892769806
17373,0.7838654776175954
17374,0.26485881443278586
17375,0.6280481380427525
17376,0.5665679404119247
17377,0.7429377388902245
17378,0.014549522385891236
17379,0.8379042364376281
17380,0.02260133945486254
17381,0.12701119204597747
17382,0.04653513829304412
17383,0.6284228885144789
17384,0.6314441202568859
17385,0.6482588918302181
17386,0.29089692148954926
17387,0.014461471606995048
17388,0.5857044499341294
17389,0.5917755477480862
17390,0.3113489609880854
17391,0.01656376046832291
17392,0.008640752770962967
17393,0.01328950020352948
17394,0.39477005251030967
17395,0.020099738420592636
17396,0.030199490072516207
17397,0.005161011518565935
17398,0.6804261867410437
17399,0.4299113435952796
17400,0.014586729109076407
17401,0.0940871204504593
17402,0.0059712560014349315
17403,0.6944430243320922
17404,0.7992423102242292
17405,0.5858404174696723
17406,0.14008824201314263
17407,0.6916595106012227
17408,0.01639409268498126
17409,0.3260167112647834
17410,0.030704954480805076
17411,0.7829432085573842
17412,0.6296763808763176
17413,0.7838040368136341
17414,0.04048567711050854
17415,0.5507580507131532
17416,0.3614947606439239
17417,0.024758348820642154
17418,0.32055937281619534
17419,0.32343009325347233
17420,0.6973777602420405
17421,0.1175875610463466
17422,0.006526542193401679
17423,0.2130561047635125
17424,0.4800686385299494
17425,0.5300706119868741
17426,0.05939583287029242
17427,0.5430012780102059
17428,0.5534350985207245
17429,0.7601656542152425
17430,0.5957357498319297
17431,0.15096054558854308
17432,0.8701460026614366
17433,0.14673911549449498
17434,0.4858983704914478
17435,0.007358911964182313
17436,0.05485227103223462
17437,0.3887205094317535
17438,0.5379287139828902
17439,0.010247086534831314
17440,0.059640835385051445
17441,0.05064762945282447
17442,0.048628167094266476
17443,0.35131889415610607
17444,0.11816954922064296
17445,0.3402874692225907
17446,0.5687158126806717
17447,0.04429289648502586
17448,0.15918020127132204
17449,0.6615897561749698
17450,0.537142258174747
17451,0.026089549404390934
17452,0.3288607227680147
17453,0.48385529935625543
17454,0.026381823487661778
17455,0.6834863332815173
17456,0.8229687167188088
17457,0.7349140128083502
17458,0.6110118194911779
17459,0.06261645342707048
17460,0.5440880884068592
17461,0.021207175943765193
17462,0.665894334203669
17463,0.006433782452248744
17464,0.011255725039516244
17465,0.7009566940893426
17466,0.03660760328475672
17467,0.6420394181337942
17468,0.007433104221231328
17469,0.47423290043367977
17470,0.30972932237947376
17471,0.21017894924816516
17472,0.01355256528909091
17473,0.5724987419403232
17474,0.4958549403922578
17475,0.014099490634059759
17476,0.6483028870909361
17477,0.016538058230146944
17478,0.40559968314084427
17479,0.00877844573664536
17480,0.015036666464101012
17481,0.033976400808208816
17482,0.6841333128987487
17483,0.01976973719150185
17484,0.009150409447468182
17485,0.665934573965967
17486,0.03731325722483989
17487,0.8407720367583046
17488,0.5465848225471037
17489,0.7450762158203384
17490,0.036899378046752564
17491,0.5362536302294894
17492,0.48613745636682243
17493,0.16530228045045747
17494,0.789723996136344
17495,0.5329464449007657
17496,0.8366824669184005
17497,0.7934014045686058
17498,0.022383471700688433
17499,0.01796541825993493
17500,0.7913558290793509
17501,0.5053596273912335
17502,0.007645338684638793
17503,0.008851042846307439
17504,0.06909070597983077
17505,0.09001912830523943
17506,0.019795518469109406
17507,0.2564199039928731
17508,0.4779833917666004
17509,0.013882549240522069
17510,0.012247250691754967
17511,0.031526682755320966
17512,0.5074894565549763
17513,0.7044576469762526
17514,0.545599406099144
17515,0.09287059507895953
17516,0.6861904248768196
17517,0.32328916944078795
17518,0.5809437512140884
17519,0.02109508045229669
17520,0.05507792714287562
17521,0.010676444403575881
17522,0.22861697806363135
17523,0.03283266423207696
17524,0.4620980790914729
17525,0.03250045772440101
17526,0.4803303619540618
17527,0.2663302182940272
17528,0.07665555906039681
17529,0.5834195696018641
17530,0.030568415386666305
17531,0.013737995874877234
17532,0.4793611044955678
17533,0.03174579003410125
17534,0.37767094319971883
17535,0.7310986459739794
17536,0.6978040390856051
17537,0.021517462588669996
17538,0.013099363917850798
17539,0.013828343616017199
17540,0.4559316027150545
17541,0.006859119957158379
17542,0.7062298083412911
17543,0.6928990453186132
17544,0.45350385816322974
17545,0.005142051660630054
17546,0.5821126424808665
17547,0.6412614374994133
17548,0.6596131539592398
17549,0.26654225480910215
17550,0.02049701268855784
17551,0.7208703693213561
17552,0.016185000829443713
17553,0.8149457185052518
17554,0.4910991683999082
17555,0.7030523754489341
17556,0.15893893221797106
17557,0.41035798919784167
17558,0.03466437102360745
17559,0.40358476144596844
17560,0.7436721179722515
17561,0.30282857546394537
17562,0.26225542731830054
17563,0.7991965919785018
17564,0.2806217358926336
17565,0.3267797901892682
17566,0.007999320388302734
17567,0.010508815219980715
17568,0.5990289195186496
17569,0.020274444901642694
17570,0.8807053608766008
17571,0.7629423472833098
17572,0.552275524988376
17573,0.5363221437122573
17574,0.7522447981422844
17575,0.31996657929734823
17576,0.4265860956881953
17577,0.7496209106904632
17578,0.4828595823951342
17579,0.537858608371763
17580,0.1158925245329169
17581,0.4740914504820517
17582,0.010730396206589174
17583,0.3851137452743458
17584,0.06245809690012558
17585,0.5485135477371175
17586,0.35721406594198446
17587,0.011285631528217724
17588,0.38309360756093913
17589,0.20533577506344836
17590,0.00963819396280974
17591,0.5845088973807487
17592,0.6135876990874235
17593,0.7595456727186829
17594,0.016477869783761024
17595,0.01627458889520087
17596,0.06046885618436503
17597,0.37459756578965686
17598,0.8544400101251235
17599,0.6786687201505104
17600,0.022872821575247726
17601,0.022059475274704025
17602,0.3399414419534311
17603,0.3853608788080094
17604,0.12897332420222093
17605,0.3495684800599399
17606,0.419910038596112
17607,0.8918373406401332
17608,0.025413079662987885
17609,0.02423157809569675
17610,0.01090831159635802
17611,0.06047324299013488
17612,0.35986761221791297
17613,0.5288002767675302
17614,0.17468401024936248
17615,0.23267788864295902
17616,0.02379324541108825
17617,0.5014195719912474
17618,0.24197717996677434
17619,0.01650864202790424
17620,0.5492431921333789
17621,0.09814582328718505
17622,0.504515035872673
17623,0.8400489888016388
17624,0.5103086031099249
17625,0.04445104326375571
17626,0.08609014772340418
17627,0.01674748676422866
17628,0.5509373843861188
17629,0.09112786688657035
17630,0.5372648669856548
17631,0.43542364741277734
17632,0.008040742077139113
17633,0.3450078551251746
17634,0.4553883673479509
17635,0.34283702906042907
17636,0.43679594880443523
17637,0.5477723468264113
17638,0.02213209523029433
17639,0.6484643644578267
17640,0.022979842670643756
17641,0.633204966127523
17642,0.28630892880282116
17643,0.0355365038737468
17644,0.6588484430464833
17645,0.006164101186719827
17646,0.8121944449889775
17647,0.01096251405929302
17648,0.21557281368675663
17649,0.695146366601854
17650,0.5225552639694413
17651,0.010313036590011595
17652,0.05939749904823897
17653,0.6692615478208273
17654,0.010345450112423094
17655,0.4423290998656898
17656,0.006922873731421942
17657,0.848795339676811
17658,0.6078620018076084
17659,0.015704108847619563
17660,0.021544800723144856
17661,0.31886786190794714
17662,0.00438850327131953
17663,0.029956202897723362
17664,0.18443599713084757
17665,0.31523002274018264
17666,0.005703397017523149
17667,0.019733492723028222
17668,0.013548881842397128
17669,0.020345336061743928
17670,0.01956110011248309
17671,0.8181607332148083
17672,0.4158185236755121
17673,0.5852927795293652
17674,0.5326213445795114
17675,0.01768451793938662
17676,0.008861853512472559
17677,0.1341526978653661
17678,0.014682001248389715
17679,0.005219804206629968
17680,0.005406843043014014
17681,0.005157209401244331
17682,0.016505231108456093
17683,0.03011092956659449
17684,0.6772714378871802
17685,0.007407376152284638
17686,0.041060655122797954
17687,0.09888698067189046
17688,0.04355859342276785
17689,0.5741780822038196
17690,0.5428862160451913
17691,0.6855008895481182
17692,0.7993513324117636
17693,0.11772618438755282
17694,0.02698337623581004
17695,0.010928284100678908
17696,0.603533926437825
17697,0.6334107794263231
17698,0.012113677875377751
17699,0.007609104968133105
17700,0.4153571932383695
17701,0.7097344004126865
17702,0.48837169144425246
17703,0.06296205346275772
17704,0.43995240573577843
17705,0.058712732019056746
17706,0.01697286466959578
17707,0.6977713431441244
17708,0.05955005082387238
17709,0.04712834815737116
17710,0.5877994605700203
17711,0.018268091350255145
17712,0.024758159993218974
17713,0.7229416262086672
17714,0.023468138028377522
17715,0.03120564487119612
17716,0.4419109449625461
17717,0.3761647077390823
17718,0.024572354913324854
17719,0.25871496861151355
17720,0.877336728844789
17721,0.36724803581421683
17722,0.35351539219391326
17723,0.009222324302239899
17724,0.4045637432901767
17725,0.26206767732446257
17726,0.28252453907612585
17727,0.4062192883123359
17728,0.0241153091061472
17729,0.0052914685869522825
17730,0.8092062394272779
17731,0.5585179678846155
17732,0.6811186167786105
17733,0.03761992009584135
17734,0.3860255669208126
17735,0.7770734639553947
17736,0.7208331057985058
17737,0.016672961819585684
17738,0.02192134339797449
17739,0.012199356568410714
17740,0.5578439532242554
17741,0.6342384360899971
17742,0.5921874048054234
17743,0.004626675550833506
17744,0.7928075697648128
17745,0.16013522972928418
17746,0.025788033663659407
17747,0.3970921177915643
17748,0.7727061348399932
17749,0.014097871330540718
17750,0.04837891548914388
17751,0.03117109655463194
17752,0.4334326595443627
17753,0.40587015311849706
17754,0.4446380832155276
17755,0.6396570361011018
17756,0.06715086157877577
17757,0.13252730547761313
17758,0.5167358896663898
17759,0.03381577861460989
17760,0.7139061913059588
17761,0.02325225020831699
17762,0.03506803480310179
17763,0.7821331290135051
17764,0.4129463228468846
17765,0.6660003083718539
17766,0.6175605748038869
17767,0.024517990255213323
17768,0.5984496908223172
17769,0.6224789095620309
17770,0.04993522885717559
17771,0.017603410561684605
17772,0.6908317476730143
17773,0.4856871522170474
17774,0.5944594738414803
17775,0.2950877746415419
17776,0.6990144787443212
17777,0.831254217066219
17778,0.5264313370238438
17779,0.7400004649891705
17780,0.4989357198131624
17781,0.007901276797182707
17782,0.19186211978316728
17783,0.2806691627481574
17784,0.8157024022470765
17785,0.28895267199415786
17786,0.6235426722905142
17787,0.34122066068727924
17788,0.2381980284988923
17789,0.6788433040929358
17790,0.7281010295477544
17791,0.0327046019694177
17792,0.6626124077328753
17793,0.00690766093278216
17794,0.27534276786755996
17795,0.49302904067042064
17796,0.7406015113284116
17797,0.653706111394913
17798,0.0073521532356595615
17799,0.6917275335406826
17800,0.09664719506650074
17801,0.7643281332908556
17802,0.3312173367473039
17803,0.7575447195172278
17804,0.45895113823845435
17805,0.47591673800117684
17806,0.60179638283029
17807,0.5231366581169625
17808,0.8273096621090928
17809,0.7651408989468548
17810,0.258663074318917
17811,0.841818965415515
17812,0.6964651574705272
17813,0.4296016668819581
17814,0.27881936641027283
17815,0.6763771747752526
17816,0.03339678504106356
17817,0.6029317668122267
17818,0.30774036931297205
17819,0.04463207153377105
17820,0.686047136908039
17821,0.6328012195046075
17822,0.79669691819155
17823,0.5716163870401447
17824,0.02985150911964908
17825,0.01858141306427839
17826,0.57515956326189
17827,0.4815025357934544
17828,0.7199179390554651
17829,0.01920165321496084
17830,0.030236897216997946
17831,0.04273121115190997
17832,0.0033367525167228326
17833,0.7478273729425517
17834,0.031544501018464156
17835,0.5336275879924596
17836,0.8597269652965903
17837,0.024915513479938783
17838,0.6071827834810746
17839,0.6478151353984951
17840,0.6637319531496415
17841,0.003864775776684583
17842,0.013898669381846359
17843,0.00618927537413054
17844,0.7781158422855579
17845,0.05510966202676426
17846,0.011599548335934117
17847,0.053513724775112306
17848,0.4424117146813109
17849,0.7324246779866062
17850,0.31962654063163753
17851,0.3764971375288367
17852,0.010395210864603134
17853,0.5274048402659626
17854,0.12414934298187823
17855,0.007208100208436525
17856,0.007477693175390935
17857,0.7956948067944656
17858,0.010700454096649166
17859,0.5960321168576294
17860,0.03471415172057391
17861,0.19745151344207854
17862,0.03899845590435019
17863,0.33769498136988296
17864,0.4650823342632454
17865,0.01249572485648717
17866,0.30208224659306204
17867,0.7041713919203588
17868,0.504618270326195
17869,0.23873167511977658
17870,0.011312369294459675
17871,0.3864690850719968
17872,0.7746262917874436
17873,0.6319220838807076
17874,0.5211343271592055
17875,0.3628206110037428
17876,0.06224412008780978
17877,0.02361349159454789
17878,0.006861448298895944
17879,0.7013377701868443
17880,0.6392717668972284
17881,0.7422075629319776
17882,0.020778888987838286
17883,0.03882505947058339
17884,0.6527287307017329
17885,0.4757077669383586
17886,0.1693097356239335
17887,0.023215092448909253
17888,0.7017815464732936
17889,0.424889028839975
17890,0.009178407411288197
17891,0.01284201840723936
17892,0.6332527749354757
17893,0.7154017152438388
17894,0.008115255373759813
17895,0.48993173977422677
17896,0.35111138479723025
17897,0.07680941201189276
17898,0.5952437120215885
17899,0.7195306002697821
17900,0.5975885345810902
17901,0.71683104705377
17902,0.7496294305440734
17903,0.4444440999536823
17904,0.22399110600284158
17905,0.10116426158960258
17906,0.009590713008807166
17907,0.01834129250924952
17908,0.033090201212873725
17909,0.6208869284404243
17910,0.3982335639768398
17911,0.01668879888749626
17912,0.4071805809557366
17913,0.0188865415608081
17914,0.569413318087053
17915,0.02449195386787668
17916,0.007402899034322158
17917,0.5389438390574486
17918,0.03505633057442948
17919,0.2612331530384349
17920,0.5393189524105904
17921,0.06451895387870181
17922,0.016468863226612666
17923,0.010706471931139223
17924,0.03640447161192521
17925,0.565441651063313
17926,0.017816949293750828
17927,0.8207438211037472
17928,0.005001449096460328
17929,0.6006201557755726
17930,0.01417810751412959
17931,0.27816299557375596
17932,0.5488416840327857
17933,0.3032046600332142
17934,0.6852783216506122
17935,0.01655154766183116
17936,0.5574832338020828
17937,0.018006436210129248
17938,0.5699322837479588
17939,0.8047160829588009
17940,0.0027964611963885843
17941,0.5829071236003907
17942,0.6098168116893171
17943,0.02909319736143609
17944,0.15781969077256314
17945,0.747758090878992
17946,0.034253848261431186
17947,0.7461302386609637
17948,0.6688165122223095
17949,0.7771094374216362
17950,0.45450298061133354
17951,0.06454978198554177
17952,0.18867995937791118
17953,0.833981601967665
17954,0.03789562816349112
17955,0.41925354701055945
17956,0.010354900226565152
17957,0.006655497737844617
17958,0.010435050764274662
17959,0.506810305406327
17960,0.0085914508978274
17961,0.3499643370542344
17962,0.035231913917991714
17963,0.5748609646157167
17964,0.4886101548128101
17965,0.4166039191820022
17966,0.03852358934120247
17967,0.015292446551907273
17968,0.3988701849951628
17969,0.8228156453555749
17970,0.7319142640681762
17971,0.8082234870303417
17972,0.6916229663181841
17973,0.022154620586768307
17974,0.02928676808583049
17975,0.4130898725335084
17976,0.44450461716533324
17977,0.6754111731329138
17978,0.02242912155937797
17979,0.5822836891008605
17980,0.029706366701530405
17981,0.7411375029745162
17982,0.011930677844292154
17983,0.026575330213536332
17984,0.5865744976584211
17985,0.00424463014036071
17986,0.267754553369795
17987,0.5359876503438963
17988,0.020768238682761
17989,0.01615728745493146
17990,0.39900883308870705
17991,0.6402506280508746
17992,0.2906604963785248
17993,0.3220725325748112
17994,0.7011673357709046
17995,0.02379347639258246
17996,0.008168016826799837
17997,0.7531027390804883
17998,0.6033670495384656
17999,0.49659736130494536
18000,0.018031542069369848
18001,0.011634304439811515
18002,0.019811284694073294
18003,0.6959736419300913
18004,0.017945512179839643
18005,0.8381729771588327
18006,0.0993233784089959
18007,0.010409994743052568
18008,0.08772268195015173
18009,0.3124069477070872
18010,0.6943608000718537
18011,0.499880577008183
18012,0.6012254633936343
18013,0.5829652199359231
18014,0.012994349158568296
18015,0.021017103666263075
18016,0.660203481610214
18017,0.5675858076288582
18018,0.8596570267055212
18019,0.018037556561016823
18020,0.8192327150270913
18021,0.01808607731352818
18022,0.7157605755450887
18023,0.35466971323631524
18024,0.8597170387075382
18025,0.18328607250416634
18026,0.05557269048263591
18027,0.010255362573494745
18028,0.6945864609583222
18029,0.2587604905740225
18030,0.011342195225271646
18031,0.25133104614476387
18032,0.02104505932582954
18033,0.4529106645402444
18034,0.2963049217980007
18035,0.7659429615611917
18036,0.006511482616761453
18037,0.7850656523015006
18038,0.48515188217867694
18039,0.027566090399190068
18040,0.05076720673726033
18041,0.3572709460849975
18042,0.8060550189367899
18043,0.8643352548094421
18044,0.44613019291928385
18045,0.8199313004694038
18046,0.4516626371455581
18047,0.6596782197637409
18048,0.8446974950114158
18049,0.5892561820825609
18050,0.5989693158159882
18051,0.08298346430771356
18052,0.3734796508932326
18053,0.39203663626738117
18054,0.04190133802439043
18055,0.45451558543560966
18056,0.7511358351320983
18057,0.6638187997226066
18058,0.01834562585386454
18059,0.039581399057333114
18060,0.02664437048640646
18061,0.008595905625234442
18062,0.7225894795307796
18063,0.025848186176247817
18064,0.5621000353863403
18065,0.010752843098367451
18066,0.7579366460598955
18067,0.04548681274510376
18068,0.028780424804032003
18069,0.11706156333996896
18070,0.36640865927143784
18071,0.6321772519301133
18072,0.6428229397641516
18073,0.22855096808850514
18074,0.008709650021407597
18075,0.6548351957627077
18076,0.43815136275569905
18077,0.8338708279814946
18078,0.038046662172806556
18079,0.5583996868657831
18080,0.5700863495689114
18081,0.01741096794638667
18082,0.04327976486374843
18083,0.030534102613724252
18084,0.07152078271840417
18085,0.20901965461621402
18086,0.022310451027806474
18087,0.014145725093454766
18088,0.5990027463319348
18089,0.03148839263088957
18090,0.028577920248532167
18091,0.32467488621392027
18092,0.020480468378467964
18093,0.26126076301171064
18094,0.3579691832026536
18095,0.020276613505502264
18096,0.03743056724765542
18097,0.40699416321142984
18098,0.036902627492292
18099,0.550330621933856
18100,0.7286303482999018
18101,0.5661036503278403
18102,0.021446645476882888
18103,0.7091641547717022
18104,0.03037134965864091
18105,0.5744019844120878
18106,0.624804496298153
18107,0.2698925587920132
18108,0.7628940136311186
18109,0.012749829212084337
18110,0.6295571763339528
18111,0.6453824140633034
18112,0.579249014090016
18113,0.07761200589275359
18114,0.1946114098193967
18115,0.01555316848549402
18116,0.011881759278952126
18117,0.4356696263499291
18118,0.6107666397235425
18119,0.009148394200958114
18120,0.029612610356748864
18121,0.009990128270291046
18122,0.62204323383776
18123,0.07484448466155905
18124,0.020754128244300195
18125,0.5261015813110559
18126,0.19905147411948476
18127,0.5536854883360565
18128,0.46496928249983555
18129,0.6689599516294984
18130,0.01530905734566225
18131,0.008488535014455253
18132,0.012037196262094176
18133,0.24344914065038878
18134,0.815480857344332
18135,0.6058139291640913
18136,0.635027831771725
18137,0.6158275950597838
18138,0.3286551711573256
18139,0.7172107794423223
18140,0.5959502446189892
18141,0.8061835812970333
18142,0.7908958373982456
18143,0.34435257469547426
18144,0.6039384445935093
18145,0.7202628987161804
18146,0.02939582339532918
18147,0.5232464345428458
18148,0.3602144973338357
18149,0.2068327143401339
18150,0.008949071119602315
18151,0.013555283616879174
18152,0.3534805692972744
18153,0.43562719970116054
18154,0.846620200619951
18155,0.8365991413409547
18156,0.004837997501753037
18157,0.1058756054754389
18158,0.28825521589771486
18159,0.7794989208941172
18160,0.2990189961815446
18161,0.007985849418498574
18162,0.006381769190118428
18163,0.011019045586483018
18164,0.41159049175749046
18165,0.4652396083596496
18166,0.03815177494910563
18167,0.036671865141485044
18168,0.030162158611352748
18169,0.011044480242801852
18170,0.1307405255435877
18171,0.6463276260768137
18172,0.038733481063437485
18173,0.09236719802834643
18174,0.2558319928230159
18175,0.487092488314815
18176,0.5383619867983063
18177,0.8254316399262839
18178,0.6615652547390007
18179,0.7141654127787488
18180,0.4368790656294981
18181,0.71383666209259
18182,0.038905510576947494
18183,0.6310618281891314
18184,0.007351389392153148
18185,0.5297797603105534
18186,0.7924883115608253
18187,0.542836093955868
18188,0.02782951391991641
18189,0.032303094005282806
18190,0.039914964355137
18191,0.7014097747244648
18192,0.6747951431277519
18193,0.00845345325060777
18194,0.3585740755171788
18195,0.0716821713950546
18196,0.5648140123511709
18197,0.01034240597177424
18198,0.6679891953766497
18199,0.5839586416352374
18200,0.021309963497004054
18201,0.5263360247857132
18202,0.4633199153152185
18203,0.15441108445525253
18204,0.5280056513886899
18205,0.022214881795332517
18206,0.02310938454278627
18207,0.4481347125320425
18208,0.8504909703273226
18209,0.380181364641313
18210,0.461972512283066
18211,0.44281822247006963
18212,0.006633871102795955
18213,0.009260016497218273
18214,0.3756873730091887
18215,0.8258772124263994
18216,0.20547410457572768
18217,0.6461803249495982
18218,0.2907146809906126
18219,0.024663463720265257
18220,0.297120338319862
18221,0.5373706006166304
18222,0.6749739028684534
18223,0.6518118821433952
18224,0.02545961829554041
18225,0.7511948821052281
18226,0.8311837704587881
18227,0.6077939591041284
18228,0.3972535063962195
18229,0.7911758421688682
18230,0.5138158110444517
18231,0.013216231677938223
18232,0.3275261412250876
18233,0.38355398543762936
18234,0.011584554418087327
18235,0.01569262040659112
18236,0.012151706639064109
18237,0.039937224308670506
18238,0.31329976005198285
18239,0.04444756308190469
18240,0.379696459928636
18241,0.4304964659867329
18242,0.5305691960869527
18243,0.6649878940431052
18244,0.3922285245512502
18245,0.13209566560325242
18246,0.4131279060486238
18247,0.06376853785158104
18248,0.07347841849850947
18249,0.6634108515221621
18250,0.8271082509205107
18251,0.011250085271747649
18252,0.3231879754718461
18253,0.008433308856022278
18254,0.04141882447482845
18255,0.6629040081892816
18256,0.029917066554657402
18257,0.007521385965104437
18258,0.8497884457123971
18259,0.360111063870386
18260,0.04500600128814454
18261,0.04837514984430473
18262,0.7739420366700673
18263,0.0498686950370826
18264,0.3998869891760402
18265,0.54266098784746
18266,0.561777620758185
18267,0.3579563632156006
18268,0.48975442786610224
18269,0.0777105090418279
18270,0.48556231029122204
18271,0.69032687090074
18272,0.33767669169228187
18273,0.2020569081975476
18274,0.006828574557802725
18275,0.615531335280626
18276,0.017246658570153523
18277,0.7590313416051396
18278,0.03435752997387059
18279,0.3139099770318644
18280,0.046079503924636396
18281,0.7835701467467863
18282,0.18906840205317563
18283,0.011960023503888237
18284,0.04057778843854915
18285,0.4416936656663763
18286,0.1150007208290591
18287,0.05753031993251072
18288,0.6550765438203683
18289,0.045540678533366685
18290,0.8970251260172608
18291,0.007773500654799347
18292,0.6603264702842093
18293,0.026263438960237764
18294,0.64777875426148
18295,0.021115116448547418
18296,0.03243677467056295
18297,0.008702372543607235
18298,0.012633897858600685
18299,0.03467358816974599
18300,0.675391814835695
18301,0.45879446556550796
18302,0.031146166005520563
18303,0.21452463658785798
18304,0.02471012054916808
18305,0.008415243157326387
18306,0.02282715047331406
18307,0.66783238387162
18308,0.012472890147833359
18309,0.4430799132124303
18310,0.5820127661597179
18311,0.6688195302899199
18312,0.5600531400395532
18313,0.027977186036319497
18314,0.09857333873893855
18315,0.26351204537700956
18316,0.47580392302972085
18317,0.018508275149137478
18318,0.35358066194632365
18319,0.3148575601144148
18320,0.03044388685327449
18321,0.6331248289336684
18322,0.6562438532833338
18323,0.3768842788529504
18324,0.15155132528208687
18325,0.35542076474434153
18326,0.5885210105205549
18327,0.6977780261804873
18328,0.03602784049933698
18329,0.5792261406622075
18330,0.764759282829784
18331,0.8399960023869298
18332,0.7263660611090247
18333,0.03738359958838692
18334,0.5386029734161056
18335,0.02452592268937949
18336,0.5874491147728205
18337,0.7727674272975414
18338,0.6478599156704924
18339,0.1467540188159878
18340,0.01753168350847128
18341,0.5093412778216363
18342,0.4176052203252339
18343,0.3287437610937676
18344,0.340933601062573
18345,0.7808640177660872
18346,0.010205588596011403
18347,0.023836101430778286
18348,0.6980834795691309
18349,0.513656652873636
18350,0.015799075910049695
18351,0.09263988479590679
18352,0.01908931516504123
18353,0.009642106495190513
18354,0.011631944995823092
18355,0.024875059769675894
18356,0.004130817151658705
18357,0.0064955416520619015
18358,0.009732780966799397
18359,0.5268568402659963
18360,0.5873900812009307
18361,0.7502009792716061
18362,0.6774158765209068
18363,0.027836761170380125
18364,0.004005895455370293
18365,0.009541826822648945
18366,0.04644525908323794
18367,0.33759778031982823
18368,0.004210434532697515
18369,0.02264671515349222
18370,0.4929062773582125
18371,0.503712171278841
18372,0.06691919944142181
18373,0.025297742491372788
18374,0.3686944152934801
18375,0.019405554931669008
18376,0.5448910397928565
18377,0.8107267796559112
18378,0.009831489518778902
18379,0.769618139388208
18380,0.01024486057489578
18381,0.49125297221242736
18382,0.011757621824108843
18383,0.7826076427497546
18384,0.02027157753552955
18385,0.01830124403953931
18386,0.8999376611885411
18387,0.7269448726087904
18388,0.013318854030135108
18389,0.8224318887075625
18390,0.008205082734691727
18391,0.024801158435502336
18392,0.6700890558453423
18393,0.01528619540563107
18394,0.8758353346241912
18395,0.004204414837969985
18396,0.017311468433613073
18397,0.5510778874184301
18398,0.5847998225234188
18399,0.8504434100656835
18400,0.7522981376747786
18401,0.7061271132191246
18402,0.05057023080420332
18403,0.02149598907197637
18404,0.030939052198462373
18405,0.4963756709091407
18406,0.013489084618982709
18407,0.5614981289372285
18408,0.5056660686429381
18409,0.6995412872645459
18410,0.5110855421898081
18411,0.7917514766905711
18412,0.03621918308215691
18413,0.6028808526474184
18414,0.005361211364648228
18415,0.5770233639520415
18416,0.3202375579348618
18417,0.017167450929381354
18418,0.5034298916124315
18419,0.022915147621938595
18420,0.02308179970483534
18421,0.015206404016731397
18422,0.005151586667372241
18423,0.38887477727731445
18424,0.5814226880117604
18425,0.2209502016310231
18426,0.7790258136694646
18427,0.32501451389081937
18428,0.3808264020390273
18429,0.2272775167170402
18430,0.8042142202101454
18431,0.1288643302282539
18432,0.3877662018372471
18433,0.43752665798727536
18434,0.027820444843491034
18435,0.3909633500042969
18436,0.533317722402798
18437,0.032589552913082166
18438,0.03645476070590227
18439,0.13085914487994466
18440,0.5651564389676862
18441,0.6201432361591622
18442,0.7206968653196113
18443,0.2391743947975209
18444,0.11137007866899087
18445,0.28760595632680674
18446,0.024021338521871712
18447,0.019035551216715397
18448,0.4817329170118636
18449,0.037087464085370475
18450,0.6663507862133464
18451,0.5991093016695457
18452,0.014912827032396691
18453,0.046365891274967895
18454,0.04953207870259162
18455,0.012020243728101994
18456,0.0055123331714386475
18457,0.05768655351346585
18458,0.31205714432391485
18459,0.19758269353276045
18460,0.011294455604404641
18461,0.2768858457872547
18462,0.7083258069594431
18463,0.02014750196408438
18464,0.03947938656333159
18465,0.22561232449426066
18466,0.0072903956878832485
18467,0.020486944804356273
18468,0.7295188632064656
18469,0.35711021574168933
18470,0.5532635560289136
18471,0.17006798381440044
18472,0.1924146390833411
18473,0.016142494338923334
18474,0.6654637902574732
18475,0.6278612357274604
18476,0.5109362560552195
18477,0.36101042086609936
18478,0.5747891492944022
18479,0.025499612151920686
18480,0.7390222455248454
18481,0.015126364336152293
18482,0.03050034054481855
18483,0.03529888479044527
18484,0.43541733264108884
18485,0.026640726751922063
18486,0.2981769480554263
18487,0.20609164260446597
18488,0.011158759174574397
18489,0.03408351189883765
18490,0.23418843523691368
18491,0.2336938774700292
18492,0.5726331576839911
18493,0.011314024886190602
18494,0.040990227708148794
18495,0.18205472127603334
18496,0.2449821474465963
18497,0.8464809610764842
18498,0.8002494828632729
18499,0.14784557958333455
18500,0.11608682591546073
18501,0.005933060650183744
18502,0.22809298040461634
18503,0.04359138302938988
18504,0.3216672064712417
18505,0.862363682780446
18506,0.01489601376309555
18507,0.06873516529031247
18508,0.02777510194932811
18509,0.6731154576591772
18510,0.14164805188129148
18511,0.5277023778304014
18512,0.019037735537333605
18513,0.0363665529971145
18514,0.19491270975799282
18515,0.015207089416609698
18516,0.03549352777567605
18517,0.8596744699014612
18518,0.29971947096485646
18519,0.32452679274986734
18520,0.04788218704709513
18521,0.3993381154603286
18522,0.008913571341500785
18523,0.8455869104216159
18524,0.025177257194367808
18525,0.04356689507313703
18526,0.6393574623344859
18527,0.046878820305670484
18528,0.2857159968089489
18529,0.28353820144661884
18530,0.013872261919627947
18531,0.5746321684967604
18532,0.5210243493508395
18533,0.014365276148545932
18534,0.690537188388364
18535,0.2751619755931778
18536,0.017004621952553957
18537,0.4138691708958755
18538,0.00839915610037721
18539,0.01253653726702628
18540,0.8133994973370132
18541,0.4896894102925594
18542,0.6085180932863833
18543,0.642215367181691
18544,0.023100775457365687
18545,0.7164333510458025
18546,0.004480113449594218
18547,0.013371857520610504
18548,0.6154661003267362
18549,0.5923762664931468
18550,0.7069183669024077
18551,0.007031538095185946
18552,0.44681991019066974
18553,0.10224748969182801
18554,0.3845688718434053
18555,0.008257053361036881
18556,0.5735505897021861
18557,0.4869150793415098
18558,0.7001649636165114
18559,0.7279254607768321
18560,0.6643335715059241
18561,0.5102159173035338
18562,0.2909254587714371
18563,0.012417425378877921
18564,0.46027097121575744
18565,0.6080750033791849
18566,0.15115229881503833
18567,0.737742769721955
18568,0.0198581359929092
18569,0.01104299790323629
18570,0.017648218970431697
18571,0.0535558490401824
18572,0.7107480991948865
18573,0.044216403471952714
18574,0.8358998755101674
18575,0.6573609129039026
18576,0.27160766047071755
18577,0.01807501611889342
18578,0.03153138924416506
18579,0.6695344924552709
18580,0.034337880800174296
18581,0.01932525939353217
18582,0.1538151446538572
18583,0.04273202337103269
18584,0.43233211055558224
18585,0.6072836724676511
18586,0.015672152233038916
18587,0.7736871003479276
18588,0.03301992899653322
18589,0.5634251230705194
18590,0.04121316452153429
18591,0.10967183271889093
18592,0.5872281654704462
18593,0.5611480266489278
18594,0.7617430837015374
18595,0.7658423001960875
18596,0.030386726701775713
18597,0.5974270039777465
18598,0.6369667997336886
18599,0.2713519666402664
18600,0.026791056410573513
18601,0.41254540691676456
18602,0.6271525764252296
18603,0.6810250354217742
18604,0.7298577607418801
18605,0.019226128922186253
18606,0.013027566922274872
18607,0.09753682371834728
18608,0.35438181229648213
18609,0.6008537840567506
18610,0.013103085317566978
18611,0.574445466736941
18612,0.02369889676160623
18613,0.7850714828031377
18614,0.009867396835777356
18615,0.3810802025045909
18616,0.5529819833638439
18617,0.18723314817258874
18618,0.014487676898725984
18619,0.031567763179884155
18620,0.4655039996772413
18621,0.27162713357875173
18622,0.4359732603508513
18623,0.6300040788990751
18624,0.5363608305644662
18625,0.012453842745528763
18626,0.0057015939361142985
18627,0.013362355451028082
18628,0.0045087694192379145
18629,0.3488324565439476
18630,0.7692830676647436
18631,0.6337756234093829
18632,0.6236519948180997
18633,0.25053362449309013
18634,0.011814973916467037
18635,0.009804969910468028
18636,0.6217069557483913
18637,0.7551796331180752
18638,0.016801615039313357
18639,0.7577523404467856
18640,0.45123811479621045
18641,0.5915604680217129
18642,0.42331190911802774
18643,0.018499490376681284
18644,0.8870952782777194
18645,0.5844328188549688
18646,0.0031726440721862176
18647,0.43280742840073017
18648,0.05754286204811812
18649,0.740838827350079
18650,0.4011154216526516
18651,0.04635840435222542
18652,0.026162004260248426
18653,0.6988046159583501
18654,0.4457893880879944
18655,0.3688440203541848
18656,0.14682507632956085
18657,0.18058248660203596
18658,0.032196944051018236
18659,0.43818676735237977
18660,0.3248624330735073
18661,0.4126071035813695
18662,0.618730946575451
18663,0.03812461827899981
18664,0.021754195611056376
18665,0.30714692910470126
18666,0.5618013571067767
18667,0.4692060309564802
18668,0.08472660906054447
18669,0.5048117946302854
18670,0.026636804321721913
18671,0.027068847748957008
18672,0.04916616358220843
18673,0.6251401426710121
18674,0.027530615184731135
18675,0.020716268718981447
18676,0.020843289077922912
18677,0.6519877010289742
18678,0.015511515977979923
18679,0.17411765278784072
18680,0.2832550646710423
18681,0.30225268552244455
18682,0.44761225859929793
18683,0.10615989135515302
18684,0.8579310833917204
18685,0.6557859793787885
18686,0.008366620416764826
18687,0.7572383606438218
18688,0.860645095705845
18689,0.48969828348870675
18690,0.7375271471579613
18691,0.7629669192206928
18692,0.45378669778668984
18693,0.07084930429540781
18694,0.39024090931298894
18695,0.31729308947627544
18696,0.7364917149794163
18697,0.025975550167249617
18698,0.6721007246887127
18699,0.015963155071559897
18700,0.011000992676194594
18701,0.7128996627392377
18702,0.017899337558702974
18703,0.7977978546599608
18704,0.5921070680452964
18705,0.46106469166593345
18706,0.3873843874714349
18707,0.6385572610792836
18708,0.7518031370911762
18709,0.040798421275414894
18710,0.641931931658931
18711,0.7466277355991471
18712,0.7782463931565873
18713,0.0131743764117663
18714,0.02057562929005639
18715,0.7150583721810715
18716,0.157153065421154
18717,0.3369111073780058
18718,0.049598663761405655
18719,0.007470201380708354
18720,0.826799053683597
18721,0.033795458691728675
18722,0.6137498760329203
18723,0.674679496549861
18724,0.7275631897611937
18725,0.02089822565653074
18726,0.808870926906481
18727,0.01718963542451013
18728,0.547887642644407
18729,0.010104614841849465
18730,0.3599043373916142
18731,0.17669788979640164
18732,0.12694261438443624
18733,0.03280382173365275
18734,0.3458975501032402
18735,0.023533636752604874
18736,0.034108727382417534
18737,0.6030959446800044
18738,0.8095967688536174
18739,0.4250560322742457
18740,0.5592286647038147
18741,0.5126644669653655
18742,0.0824363361929645
18743,0.05535004477784897
18744,0.6980387249226306
18745,0.072555891299893
18746,0.6845553321292326
18747,0.7980695889700117
18748,0.33652700347086284
18749,0.6668119781553647
18750,0.0747593278527843
18751,0.011865778083705121
18752,0.03799030623416304
18753,0.814896818088484
18754,0.6601193031162983
18755,0.7886010963741269
18756,0.7443710557950458
18757,0.01270561781563668
18758,0.01402087200351922
18759,0.0925121640086003
18760,0.02828405837511808
18761,0.4707457301107871
18762,0.23449964350086178
18763,0.7819240105586844
18764,0.5032126566833488
18765,0.03845254779114969
18766,0.013104877101690978
18767,0.8106871412899388
18768,0.5484085505910217
18769,0.48321779379931595
18770,0.10111706319025102
18771,0.38628677389670474
18772,0.3688774553950672
18773,0.03907745915986343
18774,0.4727669408046313
18775,0.017552230693252343
18776,0.39983762273428614
18777,0.008304435998109946
18778,0.006400808119444436
18779,0.6328680734028913
18780,0.46267874681883403
18781,0.036262846760381315
18782,0.003482251167515076
18783,0.01068796640525465
18784,0.7846615406949091
18785,0.40500117079307696
18786,0.4899360804281081
18787,0.2870773842162109
18788,0.7410416063213312
18789,0.010404958383674496
18790,0.017556348977527003
18791,0.008963964575378288
18792,0.526738506531958
18793,0.3635099294545162
18794,0.7643819959101195
18795,0.38030553794421573
18796,0.21109562281702965
18797,0.005799227107387185
18798,0.01143966086829535
18799,0.23940354125243357
18800,0.8485079421405468
18801,0.005493065641452037
18802,0.024048401288536886
18803,0.3709095088526536
18804,0.050132747375499484
18805,0.6323424525843447
18806,0.19895845666917938
18807,0.046961165653369205
18808,0.006095232517908472
18809,0.5344493566221324
18810,0.3615048108158877
18811,0.6265913568136298
18812,0.6615626019104457
18813,0.217448803360719
18814,0.454273200856208
18815,0.6561596757848672
18816,0.011064753528294342
18817,0.3240450953554691
18818,0.00777681594197708
18819,0.014247076969365514
18820,0.48854208126790133
18821,0.41956015867837765
18822,0.010979137512588957
18823,0.011999467329948617
18824,0.3951101710182972
18825,0.013607559151535022
18826,0.7617462712904178
18827,0.01105931735038914
18828,0.09920336978700939
18829,0.005532412340933347
18830,0.38432175943706554
18831,0.32119428840841413
18832,0.01821909814268096
18833,0.20943852390860404
18834,0.1017368025815264
18835,0.2793664822898348
18836,0.009883706336299423
18837,0.685713177603411
18838,0.5821346242188756
18839,0.8490324785084348
18840,0.4033863418725039
18841,0.010295753189120268
18842,0.5074155642939905
18843,0.024479837861982295
18844,0.8400189704200965
18845,0.69330715734629
18846,0.688535117923341
18847,0.7451282515671981
18848,0.7760119796259743
18849,0.07440585562682113
18850,0.06869133005738755
18851,0.2702677136055097
18852,0.5878711394755118
18853,0.36034986351593296
18854,0.025911450090117215
18855,0.32082329169846524
18856,0.6073208095079834
18857,0.016891578010641114
18858,0.013341477887070068
18859,0.828131539016641
18860,0.4797451514424184
18861,0.07278176250075173
18862,0.7328397801722313
18863,0.6938229687158918
18864,0.005623510411111547
18865,0.5183380097780411
18866,0.2165569944827161
18867,0.4986189301527522
18868,0.01212621591979775
18869,0.09859891602334614
18870,0.013064355533645435
18871,0.48329510429227185
18872,0.34673190151053634
18873,0.015753766102933282
18874,0.4885591136230207
18875,0.037562863054795136
18876,0.4618548317597202
18877,0.7338834887890943
18878,0.44072732979711965
18879,0.25108091526895954
18880,0.5426390038519461
18881,0.7145700897392561
18882,0.01977941792112755
18883,0.026306882071484447
18884,0.005859021024288041
18885,0.7142909740494546
18886,0.7760753480046843
18887,0.01440975167638072
18888,0.2534679207172971
18889,0.017435750417563668
18890,0.02219904685307156
18891,0.023296505701432123
18892,0.324846585955377
18893,0.46852248049421213
18894,0.024612032940410103
18895,0.03249136766033066
18896,0.46247665871588767
18897,0.7229365987624672
18898,0.03759798919042512
18899,0.01905470988091066
18900,0.4964444246218113
18901,0.35951437490544635
18902,0.265205151103887
18903,0.8896331571831828
18904,0.10036795988622538
18905,0.015250673856302367
18906,0.9216187873792839
18907,0.7173997443712188
18908,0.5371844486565176
18909,0.47965629704050244
18910,0.005818070650915893
18911,0.8769881624573655
18912,0.44041468051012317
18913,0.10744491862717737
18914,0.30581419413599575
18915,0.3099295254150022
18916,0.5042068682466597
18917,0.009864957137406656
18918,0.8057156879742624
18919,0.560262291012092
18920,0.647155033659946
18921,0.4846087443881237
18922,0.39110372110538405
18923,0.5228645962813768
18924,0.028403978537501824
18925,0.39004925249522804
18926,0.030080870110240847
18927,0.32812368210182136
18928,0.00555880046388803
18929,0.4902156071581199
18930,0.02322495614568636
18931,0.46827716505806166
18932,0.6307101484364659
18933,0.01050566780803949
18934,0.8754909099100712
18935,0.2616361145007644
18936,0.6351478570578222
18937,0.8202797049568952
18938,0.5738202031370072
18939,0.52888835409008
18940,0.5834024916712997
18941,0.7822236801966194
18942,0.7213756595506094
18943,0.6739672522184169
18944,0.025593925198851616
18945,0.4971489282553986
18946,0.44477927224121766
18947,0.7298365845550874
18948,0.7079585493353787
18949,0.16593992252281334
18950,0.33040803124839474
18951,0.3046468053810172
18952,0.416807029636558
18953,0.03872645340745226
18954,0.030337454926987032
18955,0.0885679976856862
18956,0.009397808070841895
18957,0.5879114976329427
18958,0.654838285982554
18959,0.01804665161880053
18960,0.1538437340821886
18961,0.22587549447778776
18962,0.018195895524086125
18963,0.5538493791423037
18964,0.6987233931538722
18965,0.31733901287586896
18966,0.013603605812309802
18967,0.6431300204997282
18968,0.2269053674996187
18969,0.5692983547765318
18970,0.5952928309496663
18971,0.8289246933460923
18972,0.020350768231318955
18973,0.652780878751467
18974,0.7704989969129336
18975,0.022967237739300643
18976,0.46385029502942304
18977,0.3335788266064934
18978,0.2170639681132321
18979,0.7548770152689772
18980,0.4128851201824811
18981,0.01780666664775936
18982,0.43476684086436646
18983,0.05028596418250978
18984,0.010472629864915923
18985,0.4262943217709134
18986,0.0743098366305959
18987,0.011184046396278069
18988,0.19409526861677737
18989,0.6463875441449548
18990,0.3771235439657452
18991,0.15213789744996353
18992,0.007295482129100837
18993,0.5273143801586258
18994,0.4149792591227052
18995,0.7581963542491804
18996,0.8027380979150747
18997,0.872262626136851
18998,0.5312153767897005
18999,0.03523017224185939
19000,0.4105009574648826
19001,0.7059283053357939
19002,0.010714001192204316
19003,0.22551639818414065
19004,0.3430219843948861
19005,0.28391699677224425
19006,0.15398009464737283
19007,0.08144977419334394
19008,0.7845889150902827
19009,0.698953601999442
19010,0.8832835311159049
19011,0.5020223806588201
19012,0.6660661752942904
19013,0.05808695339270457
19014,0.5503971104989831
19015,0.5856138593918319
19016,0.7666553793640937
19017,0.2556486797659355
19018,0.012445454713503078
19019,0.10851399785286381
19020,0.003856583066438417
19021,0.31854041225851404
19022,0.014243581329398637
19023,0.5991942873618429
19024,0.5645444310741968
19025,0.8444473823905289
19026,0.4066570002482341
19027,0.5406859484632308
19028,0.012164667824566678
19029,0.7341624332331387
19030,0.5684053701449538
19031,0.5873899541263801
19032,0.6715618502386127
19033,0.6558303453312129
19034,0.012192463555398783
19035,0.873882379729447
19036,0.020942306370832962
19037,0.15779450592282304
19038,0.030080378684527585
19039,0.6539888606846533
19040,0.43020068758547786
19041,0.7754907780270863
19042,0.7191464453570235
19043,0.2719221341482858
19044,0.5068673465898439
19045,0.06580594555907375
19046,0.00921778298387638
19047,0.6498483338914336
19048,0.019332848719225953
19049,0.6513896796288654
19050,0.7642435317664904
19051,0.005160578733375123
19052,0.8794597984317108
19053,0.011298877169932598
19054,0.5584432797526406
19055,0.4780987654496112
19056,0.014599816126444037
19057,0.5096349568820926
19058,0.14919936692967872
19059,0.8287335515054921
19060,0.43451153602826453
19061,0.2084513966870373
19062,0.4836713105487744
19063,0.030154616556908504
19064,0.41368835784678354
19065,0.038777194744096466
19066,0.44601520972242864
19067,0.021496696076464716
19068,0.022510913256640074
19069,0.12146317358109347
19070,0.011373324348392484
19071,0.018625034349893314
19072,0.026221395187985923
19073,0.011308973877609485
19074,0.6917107720833513
19075,0.7915482868560005
19076,0.04557703880415274
19077,0.3034227629657095
19078,0.4836931371094475
19079,0.04688177078929623
19080,0.5290285774526244
19081,0.37270833493496597
19082,0.34647466083170964
19083,0.014288142126797257
19084,0.7989553245673509
19085,0.03171974318038341
19086,0.011893424435913305
19087,0.026320685788574074
19088,0.00674109251113757
19089,0.49097298646961607
19090,0.34360983403782425
19091,0.22246609666520323
19092,0.6035684723306216
19093,0.5386786441554775
19094,0.6906132799852592
19095,0.7813985331388048
19096,0.042193484134495765
19097,0.8453790124228757
19098,0.007820515176048452
19099,0.2517588681157827
19100,0.4917273950358203
19101,0.007260337341949341
19102,0.3237070778578411
19103,0.5063052049490435
19104,0.08354210552348842
19105,0.6913265064762176
19106,0.5128678004341727
19107,0.8148845390268701
19108,0.4364977799675967
19109,0.0053921048754950775
19110,0.01626601237411556
19111,0.06548325186664838
19112,0.5760988514978335
19113,0.41512255532298364
19114,0.43465425242866923
19115,0.01605840673821975
19116,0.47946387701268867
19117,0.5222252782052931
19118,0.011682030995877276
19119,0.6452083969916644
19120,0.8193748731488434
19121,0.4436006385236868
19122,0.04442643531302576
19123,0.11417944752645214
19124,0.3907956391583752
19125,0.6354441623983503
19126,0.013818147339109231
19127,0.010910397502362227
19128,0.009339777000236372
19129,0.7099032944046288
19130,0.5253451109466538
19131,0.019111014177550217
19132,0.023518382261067217
19133,0.031573721124003994
19134,0.4302032249199988
19135,0.45489731567366853
19136,0.008743947444515588
19137,0.012471774001594993
19138,0.5220182804726797
19139,0.005369018004047753
19140,0.013545816515935203
19141,0.510321498540202
19142,0.34849350987677985
19143,0.3034438896420151
19144,0.808464491413426
19145,0.29604206795230026
19146,0.6245445486494353
19147,0.5735502334075075
19148,0.47960392081151815
19149,0.3936794644466812
19150,0.015462357456265336
19151,0.5212705629449947
19152,0.5509028128733474
19153,0.3540974408915507
19154,0.5445773433669102
19155,0.8172975859870444
19156,0.09683017388827964
19157,0.49839273122672706
19158,0.34634706407574856
19159,0.09124278742664513
19160,0.8679061134594519
19161,0.08041522439739691
19162,0.3028237113994896
19163,0.02076544986829455
19164,0.6777404283028676
19165,0.8150823900398041
19166,0.5017424594099803
19167,0.5771176206988637
19168,0.008257652764124584
19169,0.7020288090132153
19170,0.05109296766946486
19171,0.4567127751509583
19172,0.8065802270147311
19173,0.45192471920669414
19174,0.342656235994052
19175,0.3322507793006322
19176,0.049146397281607995
19177,0.030599360768866997
19178,0.746992485248291
19179,0.6181663063864956
19180,0.5984738037553798
19181,0.45706005965397634
19182,0.5565911460303327
19183,0.7610853005312126
19184,0.0069327026958453004
19185,0.07047118810080197
19186,0.5262670704569827
19187,0.007631844114882691
19188,0.033030692817327206
19189,0.17697900984148038
19190,0.624166937934138
19191,0.03822458419460463
19192,0.07327441174340711
19193,0.03148203873966062
19194,0.36842259142480593
19195,0.2714372759623099
19196,0.03499265755273157
19197,0.6011561325716075
19198,0.060240691277008124
19199,0.01801335272710091
19200,0.046957867738878875
19201,0.27462195333145956
19202,0.20648668820030303
19203,0.77611448007164
19204,0.2895477904938049
19205,0.8098610190518327
19206,0.006903807772212448
19207,0.6180401045968391
19208,0.3751624141118096
19209,0.4724056507219147
19210,0.05860942521817809
19211,0.10243108404842916
19212,0.8096678478654088
19213,0.6437160700805361
19214,0.00982838828922921
19215,0.7268387378927722
19216,0.39516911748960604
19217,0.5264510390602817
19218,0.22207059444521707
19219,0.6272830593761597
19220,0.4639051980218111
19221,0.4825462685249046
19222,0.04056587254211168
19223,0.02480459281378719
19224,0.48069652293035575
19225,0.4175223464968455
19226,0.013158641438643714
19227,0.007333507671263346
19228,0.012903047634366253
19229,0.049625194812965776
19230,0.725888494462487
19231,0.021393050185370646
19232,0.025117170889825367
19233,0.026777839463912656
19234,0.7985054844115043
19235,0.18656438798083286
19236,0.01432275285320352
19237,0.6714851268662428
19238,0.37100826936279907
19239,0.7810545878654931
19240,0.7203826740441842
19241,0.017539253262586933
19242,0.010878576903855974
19243,0.009631230780921703
19244,0.6945372915609958
19245,0.4195006835184565
19246,0.4546300792929338
19247,0.013952219034930866
19248,0.8381308210260869
19249,0.36637899089865555
19250,0.3267460095515692
19251,0.5537899348981885
19252,0.012764064601700084
19253,0.04360542484468056
19254,0.2561797666057867
19255,0.46178412365176896
19256,0.04959433825184408
19257,0.030717150822584107
19258,0.21845494114215933
19259,0.5344613129375495
19260,0.7332865296634209
19261,0.609217174468218
19262,0.03297623961683779
19263,0.051765003027576695
19264,0.006721851007053291
19265,0.020889163189382748
19266,0.2552291956594981
19267,0.026281505221273534
19268,0.04189125242622414
19269,0.3279726835848664
19270,0.03151887181288285
19271,0.4855796850273157
19272,0.433455086867615
19273,0.06132641204285547
19274,0.5530496599959273
19275,0.6066008237938907
19276,0.10074711637968145
19277,0.8138909353987018
19278,0.48439459540578567
19279,0.012902402587784786
19280,0.39474162154856574
19281,0.84268698036934
19282,0.434371605559875
19283,0.055462878494331604
19284,0.011720427351521363
19285,0.8028792055705386
19286,0.5538289438857695
19287,0.38150827404691784
19288,0.48367147648496067
19289,0.610101746799177
19290,0.7050085793371261
19291,0.4302492379396718
19292,0.8500518819286247
19293,0.5399040617630814
19294,0.023655593208361858
19295,0.49725591059178226
19296,0.48570463436653394
19297,0.5218743383239318
19298,0.029904613648748114
19299,0.447761041784667
19300,0.528335272573379
19301,0.5926370465446734
19302,0.3636027647041008
19303,0.01765513682131253
19304,0.016821154667398062
19305,0.33119544986565996
19306,0.20250506105513555
19307,0.7374996036652545
19308,0.014297816894744086
19309,0.3962875347852122
19310,0.004397130675389889
19311,0.3162575853083678
19312,0.2491717644538314
19313,0.47718854706754354
19314,0.5666241994364685
19315,0.6178324343877739
19316,0.34141818285317027
19317,0.4351598234863586
19318,0.025223875207051712
19319,0.317255566279122
19320,0.009459355720101734
19321,0.01907630479887603
19322,0.47550047695310627
19323,0.04765049073005007
19324,0.32011429262317675
19325,0.009712970056453845
19326,0.5896363777145068
19327,0.43123730330450616
19328,0.2740374389002451
19329,0.2573658894217056
19330,0.6059867050847774
19331,0.7694194119142818
19332,0.3704571879717819
19333,0.18093963476959396
19334,0.14308888049585436
19335,0.016240325811444085
19336,0.022358031903045125
19337,0.44977281695395643
19338,0.7134535756320137
19339,0.3709496053316082
19340,0.5554870535828401
19341,0.042462533117386875
19342,0.8719345446880772
19343,0.5122551894769299
19344,0.8006439944072901
19345,0.2132887816030612
19346,0.7394437374168182
19347,0.33557242760483325
19348,0.019952344982089237
19349,0.44205304102944415
19350,0.8042184042223781
19351,0.6273901207166364
19352,0.027792509784256868
19353,0.051023171112157976
19354,0.6728498317659877
19355,0.5769794706395228
19356,0.7312490846927555
19357,0.7740108438901915
19358,0.6623367481466241
19359,0.021430307820070514
19360,0.8234759267469252
19361,0.11114376349629314
19362,0.05461823480307159
19363,0.138189677333723
19364,0.07151021918807844
19365,0.7066855863085391
19366,0.7112085832678637
19367,0.03895831669622355
19368,0.7622424898250704
19369,0.7486183033929317
19370,0.5723380688494971
19371,0.03957063682712597
19372,0.6965247000014319
19373,0.019473490430828903
19374,0.2821218439476104
19375,0.5521923133599685
19376,0.03762043309762403
19377,0.41236665573516984
19378,0.26170686248510827
19379,0.5439905702552449
19380,0.4057039150472202
19381,0.051262451834431094
19382,0.036839580469371476
19383,0.6923078681401221
19384,0.008553470553620162
19385,0.750328941891762
19386,0.0160168917993103
19387,0.5491334104818237
19388,0.026778608847684373
19389,0.026030331510276727
19390,0.3578349617867276
19391,0.17678987601800059
19392,0.07744419663571828
19393,0.009985040067982972
19394,0.8198434990184775
19395,0.5608961581942671
19396,0.6575213996787643
19397,0.49763791523639844
19398,0.04302171675222198
19399,0.35994088250860934
19400,0.05382401130385733
19401,0.7922538525722056
19402,0.750138726086525
19403,0.054898199222048166
19404,0.6210630557453354
19405,0.6469484888549837
19406,0.026489695164871884
19407,0.010091829436945738
19408,0.25247506259910857
19409,0.5457855391189183
19410,0.02910495779430372
19411,0.0077200524922456625
19412,0.3658929292570682
19413,0.032567205158271925
19414,0.5252057164725138
19415,0.18026610572531726
19416,0.03434512020053231
19417,0.5235773260305348
19418,0.018067775963348038
19419,0.3979098718526745
19420,0.7786793015009785
19421,0.3460618253802439
19422,0.6419094884779969
19423,0.6098967558364807
19424,0.7084646307007851
19425,0.00803315596776861
19426,0.7333587155228555
19427,0.2871262745489275
19428,0.48128505003127836
19429,0.47250091180350406
19430,0.7973324483133026
19431,0.8434941308061964
19432,0.03980313609514715
19433,0.018072281241843135
19434,0.2872161237644957
19435,0.7610859371853262
19436,0.034664335319604306
19437,0.4859151896462468
19438,0.547202689334672
19439,0.2545792432285981
19440,0.8024474097348816
19441,0.03434432504080331
19442,0.03539636871450666
19443,0.005911126164297579
19444,0.652909395747082
19445,0.6509807328339647
19446,0.02182926153136202
19447,0.6147035203740153
19448,0.3890009421404068
19449,0.10208563539913058
19450,0.44024153764735285
19451,0.04239114507090086
19452,0.013282480043699026
19453,0.05295940557471182
19454,0.05184119544311142
19455,0.05082724865474126
19456,0.5875831549923725
19457,0.3093836872452258
19458,0.2310036790399508
19459,0.39771001998992944
19460,0.20283045076482675
19461,0.049594590232562775
19462,0.04568850371473599
19463,0.6827595002355646
19464,0.16699685492584915
19465,0.8073631734594723
19466,0.08965049994970488
19467,0.006319415017859939
19468,0.6145757419672269
19469,0.016924166659031126
19470,0.7913834885090626
19471,0.4643263251613234
19472,0.004688597665531294
19473,0.009452025068280492
19474,0.08071666842164701
19475,0.5422507435758964
19476,0.6827694595771947
19477,0.014089057608634424
19478,0.02669337239656188
19479,0.0246397627104423
19480,0.6944552724528349
19481,0.27843646541917016
19482,0.2878077292309155
19483,0.8614500742534148
19484,0.5363958628805241
19485,0.5396605503781915
19486,0.015818291435624816
19487,0.026923530030744873
19488,0.9093415703020193
19489,0.0121881859089798
19490,0.02146463229894653
19491,0.06712533535698648
19492,0.025624766042861617
19493,0.06713634845776606
19494,0.008293618597053782
19495,0.03120945142790655
19496,0.31970668838588423
19497,0.2618347633714362
19498,0.01872669875062853
19499,0.3172483821150479
19500,0.7403307331464984
19501,0.07867732786942488
19502,0.009804811497942616
19503,0.028493525594113358
19504,0.3665358976219048
19505,0.04155607646322744
19506,0.02013676365433794
19507,0.009319256314507357
19508,0.009976299282479168
19509,0.6415226170716375
19510,0.6470123673754962
19511,0.06653494983113076
19512,0.012686744971757757
19513,0.03235500602021845
19514,0.6589604638885306
19515,0.05223478580745604
19516,0.010803248575336351
19517,0.5076491751916201
19518,0.7616565886216624
19519,0.03327074688326864
19520,0.0423496239822548
19521,0.006930172182081183
19522,0.028383104085344432
19523,0.012134713017402722
19524,0.6251176159377514
19525,0.48343494335147486
19526,0.08066590932826082
19527,0.13323099863333276
19528,0.03255646148117494
19529,0.019403755840606295
19530,0.5103269612545464
19531,0.0257846575275216
19532,0.6666852873246707
19533,0.1373207723991013
19534,0.5444510366260402
19535,0.43234801659565747
19536,0.7101669431854536
19537,0.18990895355923434
19538,0.24637446997850393
19539,0.528818134248813
19540,0.05625950139915928
19541,0.39207414519550365
19542,0.5098754152826397
19543,0.757579112565293
19544,0.06142262922132173
19545,0.4924430873099711
19546,0.41134534272238693
19547,0.3334889146623512
19548,0.4676422085392627
19549,0.17058636941888533
19550,0.2799599363168788
19551,0.7557152399122391
19552,0.010503417363645393
19553,0.010856652587344482
19554,0.015795039940187057
19555,0.024666200785754433
19556,0.009028861147825923
19557,0.509384093397558
19558,0.6638820453887365
19559,0.45811234149110175
19560,0.9466838141688506
19561,0.03735838983587515
19562,0.00511077951542333
19563,0.011542762323428225
19564,0.01228767140869494
19565,0.8461860321041083
19566,0.705100416513861
19567,0.20721292553598508
19568,0.018369277602130835
19569,0.03962478451295319
19570,0.032807572783450874
19571,0.42205837104344557
19572,0.00825846587045095
19573,0.24966651460413136
19574,0.5644184960253728
19575,0.22456340133226818
19576,0.836001322733266
19577,0.5060915761925943
19578,0.41620228144900273
19579,0.38960593270120064
19580,0.0919447169609235
19581,0.570056065628486
19582,0.5541083079570157
19583,0.5642254711402723
19584,0.6630459103561377
19585,0.5427074616656331
19586,0.7966795848966443
19587,0.7663999920715673
19588,0.5742973425522055
19589,0.5988570259726085
19590,0.15329523200436446
19591,0.35845105825976054
19592,0.10837818013108533
19593,0.4688975390772574
19594,0.5410751905668056
19595,0.04103839939461979
19596,0.5374351308960659
19597,0.7235444748701407
19598,0.41535434341746386
19599,0.06787370051524494
19600,0.019325212520418873
19601,0.026924992055555416
19602,0.4207295711216224
19603,0.6479721169323304
19604,0.02118484527736055
19605,0.4607996571701644
19606,0.01636698585755999
19607,0.08485825913511519
19608,0.4537248925367213
19609,0.6139276342371351
19610,0.390520345392049
19611,0.026489818998602886
19612,0.3405364943028534
19613,0.7545783766369586
19614,0.2734939179588768
19615,0.5161618223672907
19616,0.003947974830400257
19617,0.0236969918080386
19618,0.018877745002266872
19619,0.49531467882649033
19620,0.29126934098774226
19621,0.6809814473246933
19622,0.4981051996084439
19623,0.017995564839696488
19624,0.030130219893802098
19625,0.6249647574551164
19626,0.5691728537048092
19627,0.6281098859693623
19628,0.025136014278242233
19629,0.7584939455053475
19630,0.021153563588368337
19631,0.30488177491453894
19632,0.3024148110802691
19633,0.43581053955359295
19634,0.5337492215370727
19635,0.7039126006772574
19636,0.2931090058923539
19637,0.06950516980273858
19638,0.03987072993652725
19639,0.051268335705534136
19640,0.5075973623539082
19641,0.075726012430708
19642,0.6282737446274682
19643,0.01167883910654428
19644,0.30632348566322143
19645,0.28906636390135076
19646,0.05724466778925285
19647,0.021463949117435918
19648,0.23479558872964823
19649,0.014868942048819903
19650,0.2705058809750942
19651,0.34261262488432415
19652,0.6842585282262872
19653,0.44358737280339505
19654,0.4184545035163628
19655,0.649729412634029
19656,0.5661485509141121
19657,0.0053552206116795655
19658,0.6873585304233895
19659,0.7896662057071632
19660,0.5834354473629291
19661,0.009315017312976494
19662,0.3882302177689399
19663,0.013535982059242472
19664,0.33590084687823374
19665,0.07067176208030182
19666,0.5919237127077037
19667,0.41916407560746655
19668,0.6762091405108339
19669,0.350717344456777
19670,0.7749900426976045
19671,0.2704977958705247
19672,0.3145113480125163
19673,0.7356829829358729
19674,0.014799008401232272
19675,0.3068707741832403
19676,0.4925594894938935
19677,0.024598123035495367
19678,0.015669261961500633
19679,0.5197533182852673
19680,0.6146341183685802
19681,0.03454162915007038
19682,0.779215865757217
19683,0.7131265243228083
19684,0.028732823088834653
19685,0.01989937914048643
19686,0.026976811897058032
19687,0.354517854055975
19688,0.5117068583003349
19689,0.4158456988402509
19690,0.6163234853172065
19691,0.35420184153323947
19692,0.4301138731858326
19693,0.36218535589236417
19694,0.014853525189166654
19695,0.01650311180709315
19696,0.009532246570911715
19697,0.8177802902750775
19698,0.0759529888530816
19699,0.550958755592152
19700,0.021491845469940717
19701,0.01447673906034761
19702,0.7356714421098873
19703,0.4526502264712046
19704,0.5106918159449334
19705,0.29006075553360045
19706,0.17469680209593277
19707,0.7415547132288394
19708,0.5154931035309546
19709,0.023048684309604463
19710,0.10113423057014437
19711,0.34668454101465807
19712,0.7453930866660576
19713,0.5205495684008714
19714,0.09798029198310243
19715,0.4353221409835434
19716,0.6373833937941528
19717,0.7875112228434702
19718,0.24954328593094022
19719,0.511580140617918
19720,0.7148825107366774
19721,0.008313125929299035
19722,0.02715280802829148
19723,0.7664940901971484
19724,0.5379096970021383
19725,0.679745926706893
19726,0.02393143933379864
19727,0.3758197878918633
19728,0.01112266506923894
19729,0.6980967871356021
19730,0.41388716800284364
19731,0.3434453773031549
19732,0.7158181182346437
19733,0.00479182738395207
19734,0.24808078775834358
19735,0.021025029450451337
19736,0.07316289495987283
19737,0.05948846167571088
19738,0.7329686910383054
19739,0.632544353877611
19740,0.6274249419256879
19741,0.4160186504657901
19742,0.4064520793074405
19743,0.10631061800015996
19744,0.008582175606130466
19745,0.503682311802482
19746,0.029421169541359253
19747,0.13127544475475444
19748,0.49109282572783247
19749,0.02250031128696815
19750,0.2347694230573871
19751,0.06239751413858188
19752,0.7393370961008693
19753,0.4687197504206917
19754,0.06990283735301839
19755,0.43562606974484874
19756,0.7055174116430403
19757,0.03807460477347125
19758,0.011277547207663212
19759,0.012121906824434047
19760,0.7841723941108063
19761,0.2184742592071689
19762,0.013761330635169704
19763,0.6287707098549872
19764,0.006669826082776116
19765,0.01659021941955339
19766,0.8323358448883091
19767,0.6367937381374363
19768,0.09657057107363318
19769,0.5591389548148403
19770,0.012661767890714472
19771,0.6569428876399347
19772,0.3186410571234879
19773,0.6768497853718342
19774,0.5080718436852886
19775,0.641256965650533
19776,0.019752826661236053
19777,0.1609170433851704
19778,0.010309503316465055
19779,0.7646800889217422
19780,0.4883875587540474
19781,0.09831554909148102
19782,0.6633518574810318
19783,0.020720680818438253
19784,0.08542995473103138
19785,0.6775318671214937
19786,0.708695421183285
19787,0.010180561391656715
19788,0.6511644574989197
19789,0.35319200324291566
19790,0.22856471113853766
19791,0.636573520054211
19792,0.743750951768108
19793,0.5362256348645472
19794,0.012874119708139611
19795,0.856533972947748
19796,0.13660891441982834
19797,0.015203818230219799
19798,0.3456538251029686
19799,0.5528219310945957
19800,0.029352334584602437
19801,0.7947932058767531
19802,0.8934104733306678
19803,0.034992523211971674
19804,0.017118258060363913
19805,0.38643972613211747
19806,0.6305864913537776
19807,0.45600707471539703
19808,0.016892310824751712
19809,0.034453517477560536
19810,0.03726236244262373
19811,0.028356504265019483
19812,0.06505647182066937
19813,0.07500126455748594
19814,0.02110734052031661
19815,0.04883799257863811
19816,0.019698988536383646
19817,0.7709721234012178
19818,0.37196664415546893
19819,0.1360680430489033
19820,0.02433313709851588
19821,0.8062402021627284
19822,0.047377202960029494
19823,0.7726346598912383
19824,0.6352807892484446
19825,0.019343274675237665
19826,0.012983165070137474
19827,0.4960729238516072
19828,0.023995852258734063
19829,0.01719725266678604
19830,0.8169433436638038
19831,0.4793654088390585
19832,0.5814438987699639
19833,0.007183304919500436
19834,0.03266660815000805
19835,0.6542806296763319
19836,0.25320371107475886
19837,0.8233826553055281
19838,0.6167700481237359
19839,0.38508082988350223
19840,0.44908326554057487
19841,0.6989702019741023
19842,0.10997339048986061
19843,0.010308552859858669
19844,0.34350233609302283
19845,0.022347433455949868
19846,0.012139159738737849
19847,0.325857503401714
19848,0.5767691132455902
19849,0.5739125526254532
19850,0.5365365489869188
19851,0.00929005871633607
19852,0.014335586745283223
19853,0.6798093506000309
19854,0.7628327095436954
19855,0.42266096932262653
19856,0.24190283365835277
19857,0.6110523133316164
19858,0.6886500603716743
19859,0.8431960294635966
19860,0.5325868840161188
19861,0.03638997363788597
19862,0.6887558600338517
19863,0.05824287095303317
19864,0.6780649657076162
19865,0.034429351726327224
19866,0.7223067398587948
19867,0.02778453641131298
19868,0.7072254835107757
19869,0.8114162864930716
19870,0.36772382266098974
19871,0.7716150143443082
19872,0.8756847178021777
19873,0.8625084077458413
19874,0.4420762372835888
19875,0.4202222448517124
19876,0.40674550371085916
19877,0.02388543788725686
19878,0.2459803269929533
19879,0.00703345950854871
19880,0.5281611479347453
19881,0.013426791415730074
19882,0.38937422209719197
19883,0.5669034132157312
19884,0.1404675730961577
19885,0.5786921378785808
19886,0.023442705834973213
19887,0.03683862098768521
19888,0.7319451836444545
19889,0.03498622512724104
19890,0.6613873610254711
19891,0.01745503385002026
19892,0.013667004040540588
19893,0.030980179860900993
19894,0.5906109000442703
19895,0.0562096881900615
19896,0.8072125573468516
19897,0.6745832813227168
19898,0.05408888011974519
19899,0.5436507306974632
19900,0.01532047284470513
19901,0.7164986282198238
19902,0.3477220868210837
19903,0.04533651180804365
19904,0.02130215048148254
19905,0.685640225073288
19906,0.7644530864932548
19907,0.6979123734615256
19908,0.5150366660532353
19909,0.022654994797881897
19910,0.05939522074457437
19911,0.0092658920026157
19912,0.4523048017545296
19913,0.2222643381069739
19914,0.030278573544717496
19915,0.6643589234264503
19916,0.6613081907119804
19917,0.7716696632154059
19918,0.655950649964799
19919,0.01337212166262599
19920,0.23204104684495014
19921,0.014158839893183953
19922,0.037212090966729866
19923,0.022306052683625267
19924,0.894890039487136
19925,0.20402380865287478
19926,0.7984768177995748
19927,0.37260455961404515
19928,0.5259887070948684
19929,0.6099911397287999
19930,0.035038818198653225
19931,0.009948917625239704
19932,0.029622504194216883
19933,0.6994672385381173
19934,0.1775497634406324
19935,0.4994271586246389
19936,0.6000908118733455
19937,0.07448730790934852
19938,0.012578351383000144
19939,0.0166901768946473
19940,0.6772564130705753
19941,0.510472110386796
19942,0.669556295401271
19943,0.14144255926970883
19944,0.008455272362046563
19945,0.50671128137615
19946,0.5813688378015397
19947,0.42722537464761756
19948,0.6896167311292392
19949,0.021107363016346067
19950,0.537783914925712
19951,0.03837757189929168
19952,0.58430196303685
19953,0.7309278936310852
19954,0.7381190954013617
19955,0.34479488718945106
19956,0.09063287992480976
19957,0.4730517191506817
19958,0.009064794299941845
19959,0.49359692883748824
19960,0.6603393758613467
19961,0.6853872655988739
19962,0.007340643340172591
19963,0.3940780194178962
19964,0.027306744046574752
19965,0.009294003792686202
19966,0.10909449428594648
19967,0.007322928022261951
19968,0.036283521096351565
19969,0.03335757895558858
19970,0.8448506048939802
19971,0.08471238144282796
19972,0.9054231401913454
19973,0.5362371234070973
19974,0.6126862209575477
19975,0.027690142780836247
19976,0.28628014773005817
19977,0.2580375073278688
19978,0.675165587647158
19979,0.6278930891292609
19980,0.6523153172504377
19981,0.6470347643396877
19982,0.17507181431686478
19983,0.27265852682456587
19984,0.027841548160111952
19985,0.14300979608577902
19986,0.7991193993850036
19987,0.6404724367437116
19988,0.01879620506902399
19989,0.023021561558238403
19990,0.548856291744573
19991,0.41333806364960973
19992,0.06436661808769305
19993,0.02361622058236549
19994,0.2850784538641154
19995,0.7672377477457919
19996,0.5991549335624806
19997,0.47368535012401536
19998,0.01907992502128616
19999,0.4242757630579622
20000,0.053650795218870076
20001,0.09458400175166451
20002,0.11745388471687218
20003,0.013282718743026958
20004,0.016203784975601952
20005,0.6479134885888351
20006,0.6294051239623827
20007,0.6900083770171153
20008,0.6475366732751262
20009,0.7860147428508761
20010,0.6411818543218923
20011,0.5953656858835324
20012,0.7311701462423661
20013,0.037711687918513564
20014,0.04613981862264736
20015,0.5451639133415704
20016,0.05605793701261272
20017,0.060799580386142964
20018,0.4267501843039872
20019,0.36211672496460245
20020,0.6994712512068547
20021,0.04632290212428862
20022,0.00970898567336928
20023,0.35680443624338026
20024,0.017090386317537773
20025,0.7873935804648236
20026,0.4854015365639491
20027,0.8006725499281927
20028,0.23497746045454931
20029,0.1871367802695099
20030,0.013715720114368557
20031,0.6427612329625988
20032,0.44957721244907345
20033,0.7151012017841722
20034,0.20591013773426933
20035,0.7812932082013726
20036,0.35974570637429554
20037,0.8681014700426151
20038,0.6234968460271763
20039,0.20431435037015885
20040,0.07628339673026216
20041,0.6492119405497104
20042,0.5519637811893173
20043,0.5775432016842207
20044,0.06595114265660981
20045,0.09538646630884082
20046,0.7822184475696493
20047,0.6401691878021549
20048,0.40423393105233685
20049,0.09943913890418417
20050,0.050109698489223066
20051,0.7504436743548604
20052,0.27551206872295464
20053,0.6533132940495139
20054,0.03494386666319749
20055,0.309746673425905
20056,0.006419800545647666
20057,0.30117325735037626
20058,0.01742909008564039
20059,0.3849497973295393
20060,0.008059825293987745
20061,0.8433285969223736
20062,0.303006669797765
20063,0.015606042629879427
20064,0.0713678636316536
20065,0.24174641995916962
20066,0.018331400340408893
20067,0.2704812133905521
20068,0.057186211653823205
20069,0.1498061266543726
20070,0.4001318461871567
20071,0.22180802612109513
20072,0.0470951238818319
20073,0.3510118670132264
20074,0.019730785059704506
20075,0.34380416759704435
20076,0.6112360159725424
20077,0.021811611096945457
20078,0.025288677005254376
20079,0.7226698730205231
20080,0.004713593235864604
20081,0.6881964603781623
20082,0.03952111653732629
20083,0.03506414086589827
20084,0.07250272604830933
20085,0.028215446916448932
20086,0.6917431284113393
20087,0.04925871659462539
20088,0.724370598335723
20089,0.02058562055479547
20090,0.8432869693913349
20091,0.006190169649124932
20092,0.04750175459254327
20093,0.4241640405503666
20094,0.045292969798605386
20095,0.8540354055821321
20096,0.016496306984413945
20097,0.2694838281858133
20098,0.6055400877588459
20099,0.041301606705247004
20100,0.017727949873989166
20101,0.8559008910581825
20102,0.40293126346096886
20103,0.6320834900582604
20104,0.8795295223661423
20105,0.6193232874683858
20106,0.01424938546394773
20107,0.6426703940168715
20108,0.01496717004175183
20109,0.011573614932435115
20110,0.30372590109281716
20111,0.7101433894372043
20112,0.7052010890161161
20113,0.47011044414604664
20114,0.8397054433312923
20115,0.017476851084393955
20116,0.5318847360156689
20117,0.7018802487549036
20118,0.015839063555706277
20119,0.7269926002645594
20120,0.39197275809100873
20121,0.3920440107313398
20122,0.6500216672946265
20123,0.4256438263138163
20124,0.04829079854719511
20125,0.06472296037756828
20126,0.6964760691123902
20127,0.6722007641431494
20128,0.035325197254096295
20129,0.5870199223567498
20130,0.11767799271470462
20131,0.6110297069558763
20132,0.02744233979216332
20133,0.49954556185619803
20134,0.029433148459487954
20135,0.047956543532019766
20136,0.49132744477543094
20137,0.021308508363362896
20138,0.09143767591050003
20139,0.9576433739266473
20140,0.03158317950771767
20141,0.4214877630852024
20142,0.7356359700127144
20143,0.6964925651479683
20144,0.04176225360153923
20145,0.6982831323757935
20146,0.016543102986545686
20147,0.026605828338653582
20148,0.5052618353932765
20149,0.5159013345332025
20150,0.006450587519844471
20151,0.028996275146879018
20152,0.02144626038711342
20153,0.02481353960902049
20154,0.3188732262235305
20155,0.4809733486387483
20156,0.672930980335714
20157,0.571388700795056
20158,0.1477188087164464
20159,0.2771070980218082
20160,0.7849083124824859
20161,0.734537645311467
20162,0.7204276832449241
20163,0.02184500326497588
20164,0.012823844088128894
20165,0.36223744126542096
20166,0.4850928618953034
20167,0.6885366785804549
20168,0.016490742252488883
20169,0.8699860149302787
20170,0.7381103306406911
20171,0.7499030632566672
20172,0.4882105087485221
20173,0.007905513437626818
20174,0.054406959392466245
20175,0.14008771895375915
20176,0.5409772887384869
20177,0.463077172697781
20178,0.04047433740072364
20179,0.004044599808165149
20180,0.7425740437876219
20181,0.509770941434832
20182,0.4612312053102213
20183,0.03487039734650374
20184,0.4563131406788147
20185,0.0095144042183139
20186,0.005735057501760277
20187,0.40195321093856806
20188,0.6012764406800782
20189,0.7347001132406428
20190,0.12128684550965954
20191,0.8301197759329403
20192,0.012171545840527957
20193,0.1403897560182275
20194,0.015678765613145153
20195,0.007658644529380388
20196,0.013677310743674198
20197,0.7153436829201841
20198,0.19211018781307648
20199,0.3700379106008202
20200,0.01389113096338035
20201,0.09272695002102664
20202,0.73477566223359
20203,0.5569021035237283
20204,0.1504607741066756
20205,0.023321326400028774
20206,0.0038990983412550053
20207,0.031555019402852276
20208,0.3849858720656937
20209,0.1334025729451554
20210,0.45625356374340054
20211,0.7962542892815456
20212,0.025577648638699782
20213,0.8537742630120538
20214,0.06807039569048753
20215,0.5032310674913418
20216,0.21912222143871316
20217,0.024947861978112464
20218,0.719702227230363
20219,0.039554151691425794
20220,0.656293608917725
20221,0.554915124797148
20222,0.4730603682150312
20223,0.7051906080131204
20224,0.03551438654662959
20225,0.6427776474361758
20226,0.19985268871725811
20227,0.2422144504553395
20228,0.4308013868690376
20229,0.769933510571715
20230,0.2969887306944682
20231,0.47139732701003517
20232,0.02032973760019394
20233,0.40227983332499956
20234,0.2899112167335929
20235,0.025590665950939985
20236,0.011509566147436022
20237,0.013102419440497785
20238,0.7611036737008096
20239,0.3164348341492562
20240,0.011583345221886665
20241,0.4378627904327044
20242,0.5149703798435712
20243,0.01956640250825277
20244,0.015726118488367934
20245,0.388222686236697
20246,0.40962103227376717
20247,0.788600906391358
20248,0.03893726542217909
20249,0.02691405702027516
20250,0.023380525602548725
20251,0.015775512633837932
20252,0.4158050881385006
20253,0.7471218023006063
20254,0.2765560393236751
20255,0.013038080006655992
20256,0.7935743169406425
20257,0.7582512568478719
20258,0.5613177321474163
20259,0.019088815557072255
20260,0.10754346094053333
20261,0.8305521248381369
20262,0.013596134780271673
20263,0.6209150547626159
20264,0.019998106731016436
20265,0.23577233236868297
20266,0.634154807966874
20267,0.6033388411634132
20268,0.4857860806309861
20269,0.01260535053549435
20270,0.008778622392148586
20271,0.04220506217274794
20272,0.7218540656365239
20273,0.3368234605567721
20274,0.5499662812716561
20275,0.018235857287582136
20276,0.41431748194470874
20277,0.022699680462025563
20278,0.5967072897315617
20279,0.5560931508619327
20280,0.22134226707723165
20281,0.6841141575665565
20282,0.2836013105003733
20283,0.49521383091138926
20284,0.25221927171538716
20285,0.015241853663262455
20286,0.48293288069505247
20287,0.04652003558888191
20288,0.41032254515182187
20289,0.7361240625242194
20290,0.632450771915713
20291,0.3804592767265539
20292,0.386053139321974
20293,0.5390030076413659
20294,0.018926912396169487
20295,0.6338491105895612
20296,0.015578472551992373
20297,0.30282683356301476
20298,0.6097135041640221
20299,0.6175266305286101
20300,0.7003472119455676
20301,0.7144326520396718
20302,0.6084537952606451
20303,0.23203231138154767
20304,0.07111750525948829
20305,0.5202187540136801
20306,0.6134154122626643
20307,0.7307512528837569
20308,0.01880396701538806
20309,0.839174059348564
20310,0.01635189120300211
20311,0.2726593907083022
20312,0.03792842426906487
20313,0.8221956590561519
20314,0.1095393543406147
20315,0.6513302205930499
20316,0.7756862849028157
20317,0.014658381040492413
20318,0.46239797374992697
20319,0.04413669481536785
20320,0.2857462967801084
20321,0.07676312729256857
20322,0.6698635641143501
20323,0.7089064868297867
20324,0.013370075756109573
20325,0.011251609416373716
20326,0.40448176968804717
20327,0.1659993543550521
20328,0.03219310712371163
20329,0.01619803873955078
20330,0.44416917485722784
20331,0.477746398198802
20332,0.5843369282383233
20333,0.25878438697564854
20334,0.7289933057960424
20335,0.3088240904842805
20336,0.39439410558695204
20337,0.01144763604499367
20338,0.3554729954651817
20339,0.6437519425076604
20340,0.5010251473253987
20341,0.8412311423161409
20342,0.7076567035105178
20343,0.8342967248623234
20344,0.7508423844291829
20345,0.520851585675578
20346,0.31443880668295854
20347,0.006228989339297412
20348,0.8434177093056474
20349,0.21168498966574018
20350,0.005727116605395675
20351,0.47367047452381456
20352,0.42157334839934135
20353,0.5871489971880919
20354,0.7401027041540363
20355,0.038620988906211275
20356,0.4712060071907889
20357,0.8613202747462354
20358,0.03373791299059974
20359,0.3340759402804345
20360,0.4561651607429332
20361,0.00745473215062472
20362,0.7075409903361582
20363,0.47424180577967656
20364,0.5095051622716475
20365,0.5521350901989706
20366,0.5637072846967668
20367,0.5162729510652959
20368,0.4032412246475134
20369,0.0080822360692294
20370,0.7015807602017418
20371,0.07346681028816503
20372,0.3959206033664411
20373,0.2642987723802612
20374,0.7045574006960813
20375,0.7294034501769864
20376,0.6519209356331903
20377,0.30193932882896996
20378,0.6856606751411074
20379,0.023316245561089917
20380,0.007439240978173296
20381,0.011237953412619017
20382,0.03273512031408568
20383,0.10504692033369689
20384,0.7581606643461307
20385,0.7355400300311445
20386,0.7648113394204824
20387,0.21354285335627324
20388,0.4961471111270196
20389,0.021444158959168857
20390,0.4237639923380202
20391,0.8150432811263519
20392,0.17158228325812563
20393,0.009266157734315265
20394,0.0845026110999752
20395,0.30842609493377726
20396,0.6504009974015306
20397,0.8623106660840477
20398,0.756845949120855
20399,0.3703331608067898
20400,0.00491328358732983
20401,0.015012248131371475
20402,0.44676729797970616
20403,0.43648681706688647
20404,0.474172713224452
20405,0.7862870430304777
20406,0.5069960624883709
20407,0.01975368929854095
20408,0.6878884309244617
20409,0.7805772409959808
20410,0.030294511153174445
20411,0.03348202843910231
20412,0.02273813972878407
20413,0.14505355934168826
20414,0.015082450724102123
20415,0.8151469259352193
20416,0.5746843161740194
20417,0.09479602140165877
20418,0.355225500839222
20419,0.02168442081963399
20420,0.5058864655538698
20421,0.07127783407309038
20422,0.3283330398656694
20423,0.47328670956869967
20424,0.02452340093324163
20425,0.9102245529224215
20426,0.43305678379385226
20427,0.5301142784951438
20428,0.031662158229060655
20429,0.027800985141412164
20430,0.018038114550958214
20431,0.6115857824437978
20432,0.2634388809170803
20433,0.5793125704538967
20434,0.554877550441867
20435,0.32911015376824815
20436,0.6049997679461552
20437,0.7177257128626482
20438,0.5147784765963543
20439,0.06656340081407072
20440,0.009978373570609144
20441,0.02177185862832481
20442,0.5205006111495596
20443,0.020448484780510204
20444,0.5010935589802816
20445,0.35195887946176535
20446,0.011578694253504492
20447,0.020503658474721777
20448,0.0865184031375549
20449,0.6781279581554168
20450,0.47517121855415456
20451,0.1869980546822268
20452,0.45271549194018484
20453,0.7677293744147827
20454,0.283725367641826
20455,0.22155072802541692
20456,0.8199483903848024
20457,0.6378347180158523
20458,0.4555049972353252
20459,0.5733720577869126
20460,0.6405269579386718
20461,0.012172995591247415
20462,0.8413774104343352
20463,0.6114404947688936
20464,0.14098064251464687
20465,0.4803373422306511
20466,0.40515348270669044
20467,0.04850367124538774
20468,0.006632421461059492
20469,0.8016004373918455
20470,0.01500684189465748
20471,0.2704722099799683
20472,0.6428430228115016
20473,0.8023116913319934
20474,0.0286196298539751
20475,0.06300177619989872
20476,0.08976896627065498
20477,0.6863053894783451
20478,0.02730872733314295
20479,0.5073506914459729
20480,0.4354970200755198
20481,0.4317051693516725
20482,0.4506658928999182
20483,0.006391795823357853
20484,0.3131434302411863
20485,0.015627554813453175
20486,0.4849439009230553
20487,0.01557883807145093
20488,0.0034038224196283667
20489,0.06875428326775446
20490,0.683802168987496
20491,0.3265306718762199
20492,0.7957341940200955
20493,0.006410055119240532
20494,0.010300008406655674
20495,0.8498564111190736
20496,0.014783819457444619
20497,0.5642465193172954
20498,0.7223397704067732
20499,0.5660547918785273
20500,0.7244033791029996
20501,0.020152655779630668
20502,0.020129104277217598
20503,0.7704515722919316
20504,0.7778650634438707
20505,0.6225287196874086
20506,0.5439587256237022
20507,0.4610301508953392
20508,0.050090111728905005
20509,0.5088458369113559
20510,0.2354564577429375
20511,0.8033034827956467
20512,0.4871152428556629
20513,0.8672885586442773
20514,0.015096400864010075
20515,0.012325665305524104
20516,0.06384185653654931
20517,0.02350429298118424
20518,0.011551611393212789
20519,0.01963052294679832
20520,0.637038568593232
20521,0.005884314373073575
20522,0.005421919555709106
20523,0.6380529425749328
20524,0.02279911419097443
20525,0.7277600365231395
20526,0.08513193429908975
20527,0.8163797145545574
20528,0.5908970994007281
20529,0.02287771321151866
20530,0.32847005599122936
20531,0.7042360159457268
20532,0.08739074682872179
20533,0.3598355703834634
20534,0.019288830496414076
20535,0.3223939258780864
20536,0.023720274921226414
20537,0.04406666541171042
20538,0.4980407531095
20539,0.016493651368535575
20540,0.5671922239908139
20541,0.629339859387838
20542,0.6446350602927599
20543,0.44565522256914936
20544,0.04960369075063267
20545,0.4781961539403993
20546,0.4419978140269934
20547,0.030292640413400806
20548,0.6378996828453493
20549,0.3272204889648451
20550,0.5284294738071442
20551,0.770474666942748
20552,0.5586531821184368
20553,0.7006859312576337
20554,0.4506809070137785
20555,0.6166404677913728
20556,0.04376381276924027
20557,0.3303399810089872
20558,0.63976566696268
20559,0.3692826501198721
20560,0.435938125291452
20561,0.055455344226169725
20562,0.761732443529418
20563,0.7901000665028246
20564,0.4274033248504049
20565,0.6286723303642496
20566,0.0466756817841747
20567,0.0162219481294565
20568,0.00960313449511408
20569,0.017020644669255916
20570,0.0053684822498672935
20571,0.47552720613990807
20572,0.35814442617995534
20573,0.024507412986556343
20574,0.006749478769628615
20575,0.5001914519081562
20576,0.01795796291119633
20577,0.08103695473875878
20578,0.07655615011684054
20579,0.4433246731262009
20580,0.5496500971859767
20581,0.013356921358810258
20582,0.25733389610478047
20583,0.04234173907211507
20584,0.2851774747583181
20585,0.6050770484230938
20586,0.7188010988345035
20587,0.5840754875032309
20588,0.6030335274404302
20589,0.002461378049844792
20590,0.709024492404054
20591,0.0080088369590516
20592,0.04254413207588012
20593,0.4726462036414079
20594,0.5044475027441677
20595,0.029780175165155257
20596,0.07365117439578206
20597,0.02692918288254402
20598,0.01764751834847936
20599,0.23263660541488038
20600,0.6213770283588117
20601,0.02755854974861472
20602,0.06114056396537362
20603,0.5000694576069683
20604,0.4336682730986793
20605,0.6405759870974098
20606,0.010195659968167937
20607,0.031051562676228377
20608,0.018916622747866377
20609,0.010897832730097605
20610,0.008707748688780785
20611,0.2979519098185925
20612,0.3828794956224558
20613,0.019019538693751975
20614,0.08298618806988345
20615,0.6184831938854687
20616,0.014707857550055436
20617,0.017384157612610036
20618,0.580672641988587
20619,0.6967519164291263
20620,0.5598998577608358
20621,0.02285690090614084
20622,0.25165630456967014
20623,0.06998373550532147
20624,0.3916576301519845
20625,0.7869323184711672
20626,0.7923524954573833
20627,0.03211852159997956
20628,0.01813193755246915
20629,0.2775988523903518
20630,0.3319046526489989
20631,0.4616294729426894
20632,0.1704734863980864
20633,0.7609226036843959
20634,0.012010177348129715
20635,0.2319934798291343
20636,0.034249703788448396
20637,0.6594457741438524
20638,0.5965165665679335
20639,0.7618669232871432
20640,0.415393033544146
20641,0.37354655189678776
20642,0.01844966108588484
20643,0.07631659303979949
20644,0.3495438740456362
20645,0.01505702976718835
20646,0.3545400172342624
20647,0.5190332207298349
20648,0.008436550224553974
20649,0.023902976454551493
20650,0.3892851334052886
20651,0.3851253829965868
20652,0.2855790551993822
20653,0.7876899321052399
20654,0.06588277929311546
20655,0.013650955042968474
20656,0.7231387509602507
20657,0.6380452256134397
20658,0.503421653988237
20659,0.2825067782389153
20660,0.5920062501972715
20661,0.01179708425377766
20662,0.5068921271095566
20663,0.43421683977399983
20664,0.011186102988539816
20665,0.01596305899037437
20666,0.39743910133028476
20667,0.30381370528134594
20668,0.8026279159737583
20669,0.3606961070277461
20670,0.5874840408218601
20671,0.07592953164584224
20672,0.6391181549147241
20673,0.5520360685617011
20674,0.010605018440629941
20675,0.647377977142798
20676,0.011036923531020062
20677,0.013128971122084158
20678,0.6325915384120091
20679,0.0071049762037272875
20680,0.8117785832749819
20681,0.016118016862173644
20682,0.009890449507392719
20683,0.29376657368963416
20684,0.37580898606003965
20685,0.013403777490402613
20686,0.023852070771124043
20687,0.7647681385217941
20688,0.6450348552138322
20689,0.031826610722055
20690,0.41700074033766155
20691,0.7170619401354461
20692,0.6917400643547895
20693,0.5599472574843664
20694,0.03134032842519281
20695,0.7669827805111347
20696,0.04749277371442406
20697,0.5466497167755275
20698,0.33680453227791146
20699,0.012365231402725056
20700,0.9119050725522995
20701,0.016943590480440356
20702,0.7638741064644666
20703,0.35990280785536755
20704,0.012463779529294701
20705,0.028460121367015246
20706,0.7533565557297834
20707,0.03801641128442544
20708,0.007428719199617113
20709,0.2614384545709934
20710,0.8938637590705584
20711,0.42337793697108306
20712,0.009854899043673496
20713,0.3699168679388907
20714,0.5907123259024588
20715,0.4745858866363757
20716,0.02257478793591454
20717,0.36118421419679064
20718,0.8189981364069567
20719,0.006003385232606899
20720,0.008827440267619314
20721,0.4483766005569249
20722,0.23754335927882536
20723,0.4396004603763169
20724,0.758868466424233
20725,0.008474120940343022
20726,0.09937217494303532
20727,0.01744665597595091
20728,0.4567679536460795
20729,0.02880726588843277
20730,0.767553589695678
20731,0.0070008798561731166
20732,0.6733144496427912
20733,0.01492053407482106
20734,0.01721727321174722
20735,0.47228125966345175
20736,0.5321010159992516
20737,0.32610885543537416
20738,0.27415501968654743
20739,0.5544360714156618
20740,0.023597318460738526
20741,0.006395262018750691
20742,0.04073662129905805
20743,0.008732878704124283
20744,0.0673398089527337
20745,0.08639613638000128
20746,0.4224144908150772
20747,0.5637778598171388
20748,0.13782848583235835
20749,0.019451662009810897
20750,0.5349297263719756
20751,0.6915370256480937
20752,0.11771733953677846
20753,0.025425035799606442
20754,0.023055752765605144
20755,0.44780440614767747
20756,0.7016255821975923
20757,0.8082446820509738
20758,0.011658393178855461
20759,0.292228979531251
20760,0.9228904459469306
20761,0.30890564461750625
20762,0.8745860769974265
20763,0.7134739352853852
20764,0.015409071234760423
20765,0.21248148933064148
20766,0.6119009945137016
20767,0.9285333071395376
20768,0.5976883670354001
20769,0.39744926237977074
20770,0.08275846987563337
20771,0.8504425250530857
20772,0.029238898259222768
20773,0.6415441060301064
20774,0.4270930996006499
20775,0.10373019976120817
20776,0.6148816709565658
20777,0.016634441282793583
20778,0.5960365801108848
20779,0.010734351892803716
20780,0.009383160953458015
20781,0.29795539932586734
20782,0.012860347487495687
20783,0.011873301927292376
20784,0.47773965868964285
20785,0.559591265904051
20786,0.024142791025930675
20787,0.8839403667651257
20788,0.4640168738700281
20789,0.02704190243027138
20790,0.008990294884346411
20791,0.21991637330690694
20792,0.26535124376793273
20793,0.6315069337579362
20794,0.35296470076938374
20795,0.6021911123060664
20796,0.4130104561063071
20797,0.018840141087509633
20798,0.44284558117829903
20799,0.02789284628761262
20800,0.5978642931496484
20801,0.5210867583641121
20802,0.24076810792816364
20803,0.017832973161347725
20804,0.705465656933856
20805,0.7329437480573149
20806,0.10752158906277677
20807,0.46854102710652246
20808,0.006870886166911504
20809,0.5492942752314564
20810,0.1401550312087177
20811,0.5107088124991008
20812,0.009136524559557263
20813,0.01889770350600911
20814,0.04386134811692716
20815,0.01478355452236603
20816,0.41169492704943234
20817,0.03792140644499819
20818,0.7240033100241894
20819,0.2090535355692556
20820,0.017964727026633376
20821,0.7062509682770665
20822,0.35432280352664464
20823,0.13181834294110167
20824,0.03338283475027854
20825,0.024481533073401777
20826,0.6757916577650804
20827,0.11983320783952534
20828,0.7438416008406168
20829,0.0994745975773975
20830,0.0141185318354864
20831,0.5424425704347364
20832,0.07910899559778797
20833,0.2883735580439785
20834,0.009056445172703488
20835,0.844932926550361
20836,0.32564342071033986
20837,0.6260177740519429
20838,0.40870654540074797
20839,0.7292419077605776
20840,0.015328363483709789
20841,0.6209969603636087
20842,0.7591169305062804
20843,0.7880582693299163
20844,0.3925113702252025
20845,0.038818579183979955
20846,0.02960726095237968
20847,0.6588626531748156
20848,0.5865443553451558
20849,0.7951662794276391
20850,0.46627181187754135
20851,0.008220459048585265
20852,0.3862910519311866
20853,0.782513734704348
20854,0.49794655203554783
20855,0.7525695058867417
20856,0.04997055600738927
20857,0.01018687978950289
20858,0.7527138915391419
20859,0.15597768582490767
20860,0.1548302393854107
20861,0.8303612013674971
20862,0.01929822569075934
20863,0.1371292573205546
20864,0.6650447296984632
20865,0.3461901264210234
20866,0.027309437154801053
20867,0.17408911948777117
20868,0.8302605328249745
20869,0.00869700819273631
20870,0.6090162524951425
20871,0.4284398966555569
20872,0.27737073254963285
20873,0.20741246639744862
20874,0.7695815733422633
20875,0.6297908431710675
20876,0.3400642063443507
20877,0.8347987866874695
20878,0.12365109110877821
20879,0.23723635789991385
20880,0.008730703384590246
20881,0.5599650552825206
20882,0.45459871035692334
20883,0.0123885406901878
20884,0.5528786784734965
20885,0.01295988255518383
20886,0.0031691450954302756
20887,0.3202554464175862
20888,0.6105029125989481
20889,0.18561574005038772
20890,0.4075443593283668
20891,0.038725022508164536
20892,0.36124005752817756
20893,0.14713791854347774
20894,0.02882362328458853
20895,0.011308241264231555
20896,0.01627099115731375
20897,0.06701910649635905
20898,0.013153496940292133
20899,0.07849847233979584
20900,0.01939065218950683
20901,0.01625213778224026
20902,0.4526666514713165
20903,0.018722067771621397
20904,0.016657930954779705
20905,0.02418738906371858
20906,0.3856917962477254
20907,0.8434663209805812
20908,0.016497365730294852
20909,0.390188162914595
20910,0.033202024819321226
20911,0.5025678826155241
20912,0.008177496988890493
20913,0.008691056257992491
20914,0.016224006608462918
20915,0.7122311308569036
20916,0.05692144211220658
20917,0.023445513853258236
20918,0.5256582228721988
20919,0.3419279966434537
20920,0.550958165623774
20921,0.6392624016571563
20922,0.4637607580655553
20923,0.03395226148288911
20924,0.024561564596449648
20925,0.13636160370754483
20926,0.11290000605416554
20927,0.009987447666960265
20928,0.3127261443063805
20929,0.7229482833765853
20930,0.2153882812618834
20931,0.5245788614386612
20932,0.4461633818473624
20933,0.45994590001879954
20934,0.009439089550145793
20935,0.4025854979407247
20936,0.013164479956046264
20937,0.5901958380863171
20938,0.02203272114515667
20939,0.2826656370020668
20940,0.01763798545026203
20941,0.669287436767642
20942,0.010487790303331234
20943,0.0199545629957981
20944,0.5470140388100666
20945,0.9246855791667576
20946,0.018763754453100998
20947,0.017149233852165793
20948,0.465927087403204
20949,0.004872992463248387
20950,0.7701940002335227
20951,0.07979477928723648
20952,0.8346893162347392
20953,0.5261910935662752
20954,0.7657849078086025
20955,0.7967575692297385
20956,0.4491338469304231
20957,0.0747314067126445
20958,0.7862946644838397
20959,0.3703701305908073
20960,0.6738932688222152
20961,0.009234648747440248
20962,0.49012633802507255
20963,0.038828914560483506
20964,0.6208250210172525
20965,0.7698367438003921
20966,0.019503513546382457
20967,0.038049931507308093
20968,0.5353711820883915
20969,0.6308707116469211
20970,0.32370915716736254
20971,0.4083918581242517
20972,0.41675570622598845
20973,0.5657191242454633
20974,0.021692859518015126
20975,0.01669373160853121
20976,0.7368094063274043
20977,0.18774348786114875
20978,0.3457579450383183
20979,0.7871486233886561
20980,0.18927493223425132
20981,0.007468496103704926
20982,0.8290371367737952
20983,0.697370784866265
20984,0.5837172600733391
20985,0.7393883698449593
20986,0.7610995840881749
20987,0.6652538374429905
20988,0.03213320932155902
20989,0.5054170935932232
20990,0.47937026048650694
20991,0.6785144118483513
20992,0.03377231785809151
20993,0.020992333683393222
20994,0.014798206087434786
20995,0.31801347960566057
20996,0.3318481138028377
20997,0.5617535740419763
20998,0.7666370625297239
20999,0.034281421422600045
21000,0.08875016471288537
21001,0.019330098419539036
21002,0.027829300011412594
21003,0.4215482795240872
21004,0.21933019505771625
21005,0.015579539946617383
21006,0.6113811182018556
21007,0.7073392087274568
21008,0.010820675816086039
21009,0.3772066235946085
21010,0.006580235590582373
21011,0.054810839492271765
21012,0.024193002942381837
21013,0.8378400031708116
21014,0.5694204685222959
21015,0.5005136110587943
21016,0.600872207514153
21017,0.8957403855468686
21018,0.6512885322273128
21019,0.571134873427108
21020,0.018283367315155882
21021,0.010967401606985805
21022,0.08140340617420505
21023,0.021710583349187546
21024,0.46901922172549954
21025,0.25094762145766036
21026,0.3205462658530608
21027,0.5871915423942394
21028,0.01637619137176395
21029,0.581688914844331
21030,0.24568616588606468
21031,0.3543058345092795
21032,0.012179495493349353
21033,0.006874911280766423
21034,0.054808336140704156
21035,0.7456900528206583
21036,0.043417657495502346
21037,0.016764308312576512
21038,0.017232222210380413
21039,0.30822384289108606
21040,0.013902915274632426
21041,0.5445985861065794
21042,0.8872563571311243
21043,0.2083620099270619
21044,0.01859611540070393
21045,0.7203946238771587
21046,0.018859789843613233
21047,0.04497900536908128
21048,0.032052355644179506
21049,0.8600129805052411
21050,0.4298144039480962
21051,0.6707943479374336
21052,0.6091701192619217
21053,0.3952951512240592
21054,0.5701500419821419
21055,0.6142274021596769
21056,0.3373921765570116
21057,0.008137017876835443
21058,0.46114347006453044
21059,0.025050494809272378
21060,0.013292995607563748
21061,0.5502756112606647
21062,0.018264585186019935
21063,0.03420046755507167
21064,0.6455809849990454
21065,0.7187503610359505
21066,0.6339003163115016
21067,0.02325634601858063
21068,0.010974074700717042
21069,0.3462140029807216
21070,0.029590965756763378
21071,0.49698691917657434
21072,0.4935643727858464
21073,0.035792867148528126
21074,0.7819063614626163
21075,0.3947599857544721
21076,0.029483411023950842
21077,0.8045932977347507
21078,0.20718131101286033
21079,0.7030614614411721
21080,0.7497338380325433
21081,0.028843084271402666
21082,0.006831423483850016
21083,0.02876400638716798
21084,0.5532507558820934
21085,0.008109381301924956
21086,0.8076194474904849
21087,0.4963284205279174
21088,0.8062575626018212
21089,0.0114177545997594
21090,0.2668828218680531
21091,0.013723494403238504
21092,0.6476987257900221
21093,0.38309834766019
21094,0.6412356820904557
21095,0.7258541510137713
21096,0.013015645043097032
21097,0.05965971483368735
21098,0.7543570650727811
21099,0.03342085105598123
21100,0.4664135616963377
21101,0.6352918884068438
21102,0.010971751835289369
21103,0.012442069648423846
21104,0.7925850531209548
21105,0.17466645085437485
21106,0.010240208243587887
21107,0.49414444257931256
21108,0.6524689189125725
21109,0.020710657550430625
21110,0.007926568433339488
21111,0.4808146440555606
21112,0.04513043368802119
21113,0.03333078679031088
21114,0.7836537542262672
21115,0.005300805551572487
21116,0.6835464070325576
21117,0.13041862175019786
21118,0.10459195390325952
21119,0.5790940073939077
21120,0.025606495788119854
21121,0.8530166542206942
21122,0.2571051857487533
21123,0.5379269441347553
21124,0.016874839177349336
21125,0.747822793955413
21126,0.5906599515839335
21127,0.017563234729157225
21128,0.7508778300154766
21129,0.038068035752872334
21130,0.5871487144127616
21131,0.73376555109353
21132,0.018447404732779216
21133,0.7112188147927127
21134,0.009368317995249766
21135,0.031022991217649554
21136,0.41747879345627176
21137,0.027378580184212638
21138,0.6684616308337074
21139,0.2257328726858603
21140,0.8534464946195699
21141,0.00790721933871865
21142,0.24107058324870223
21143,0.5118472471687493
21144,0.4277411562055683
21145,0.5117450664235083
21146,0.5913812146256652
21147,0.012551226036952523
21148,0.47386722513059704
21149,0.415988148614576
21150,0.6819854068252806
21151,0.4754791724104627
21152,0.503924328816422
21153,0.023689622449125543
21154,0.1657728895805874
21155,0.8481688770064331
21156,0.017479413150516637
21157,0.6127100352107766
21158,0.5478824327243419
21159,0.8970490542745111
21160,0.7199781659977758
21161,0.7269862296568359
21162,0.23355547595855283
21163,0.4462789517121072
21164,0.23469231090129286
21165,0.35282185552566236
21166,0.7531027000796435
21167,0.009152127951689428
21168,0.8177321872009052
21169,0.0058779474529671635
21170,0.6960185562766186
21171,0.04123702660670369
21172,0.039657781194986
21173,0.029700742639046047
21174,0.013697518587958467
21175,0.8274944957707577
21176,0.5091376611788465
21177,0.023647556777467372
21178,0.45431417391415
21179,0.22620858095257307
21180,0.019524639091606368
21181,0.9017813129183796
21182,0.007892710379924417
21183,0.0781170588848685
21184,0.5739765080617094
21185,0.0425997956813256
21186,0.7847793053769234
21187,0.13307890555943405
21188,0.012051830493381748
21189,0.7256322602312084
21190,0.15134666817128917
21191,0.02241737931369689
21192,0.08165877101611572
21193,0.04228545282351825
21194,0.45661616167003927
21195,0.06813123587419381
21196,0.7605088013682659
21197,0.01931177082440013
21198,0.012011143757907919
21199,0.01875688252537631
21200,0.007695373233281483
21201,0.040793869371132774
21202,0.006540697017884999
21203,0.6434412500632856
21204,0.5857681651535422
21205,0.008909246007788965
21206,0.3227067859830941
21207,0.019891168400022915
21208,0.013871789997101888
21209,0.39864207833695614
21210,0.37895194167172896
21211,0.5274632275686179
21212,0.028965543895692294
21213,0.014202748049080196
21214,0.27456017947809097
21215,0.03500577171309065
21216,0.006691148949324661
21217,0.022408115268760152
21218,0.494905217321349
21219,0.308091244251146
21220,0.48658252671214774
21221,0.3975445081228683
21222,0.017211435444368622
21223,0.41018035263272484
21224,0.1348066080559641
21225,0.6784151420800432
21226,0.8115750949046728
21227,0.7169310259390373
21228,0.203542668100051
21229,0.013192296214145454
21230,0.014320911536098832
21231,0.7963857226344174
21232,0.01955564403785603
21233,0.01239711697141077
21234,0.009130391263346884
21235,0.3439914097969334
21236,0.006705242064883005
21237,0.014962907588584994
21238,0.28425309058533976
21239,0.6895847670826054
21240,0.007746310552865503
21241,0.7418889935952903
21242,0.4194365875773657
21243,0.015036617554080131
21244,0.2796809287156052
21245,0.4548220960738011
21246,0.5150326522037034
21247,0.27130518506126855
21248,0.534364137926578
21249,0.2992587082584847
21250,0.20122162437775962
21251,0.08168680958456467
21252,0.02355893670663866
21253,0.7685393673896601
21254,0.430086112695102
21255,0.8199575376260547
21256,0.047979191779482074
21257,0.5190440203799577
21258,0.008119969514213806
21259,0.016905791520700902
21260,0.7297431642990471
21261,0.5974129188762672
21262,0.015717157410435646
21263,0.6766304699279344
21264,0.009045233637114658
21265,0.709128027468729
21266,0.5454161594256579
21267,0.7667362152889927
21268,0.36813087370185726
21269,0.019702940595395305
21270,0.08333828951922974
21271,0.2421510594284031
21272,0.013986691341549574
21273,0.010547128636876157
21274,0.12418768027223069
21275,0.578332207057109
21276,0.740895509575692
21277,0.06835974576272483
21278,0.6511375447627239
21279,0.6350002839474531
21280,0.7773660273846893
21281,0.009629315231160344
21282,0.7943842485464889
21283,0.8459001728161255
21284,0.7478591727949855
21285,0.016755788419482165
21286,0.844747292776077
21287,0.051099178950002794
21288,0.6407176356796138
21289,0.645210123508251
21290,0.275831526698319
21291,0.033215497161054326
21292,0.8262831185387196
21293,0.009314108789971992
21294,0.43517513923980705
21295,0.3554631552005061
21296,0.022057013321299987
21297,0.27210095740825535
21298,0.044741355953996156
21299,0.030012437856327154
21300,0.726357602069773
21301,0.009915170638555081
21302,0.036115836157536774
21303,0.04426931530259971
21304,0.023682015222606174
21305,0.030463477240807713
21306,0.5794703844582827
21307,0.016406373781865238
21308,0.047370396016646124
21309,0.016418771210555905
21310,0.5475409783345082
21311,0.6756957850601476
21312,0.008483191322026698
21313,0.045002117173323954
21314,0.2295517138382608
21315,0.025926240828704955
21316,0.7483755160319338
21317,0.20363414886846354
21318,0.47672904366901775
21319,0.6171254216386004
21320,0.014070609051943718
21321,0.6723890773591311
21322,0.01564384228040547
21323,0.4781422864429033
21324,0.03258501014334615
21325,0.016246526838519047
21326,0.40254500255933656
21327,0.2655486233858185
21328,0.7041004740411771
21329,0.49040228283141724
21330,0.40994343210724
21331,0.3531175220211423
21332,0.04270780516555528
21333,0.4100392345938939
21334,0.4544029270848551
21335,0.04613345643693252
21336,0.006738489989471425
21337,0.02603789917845817
21338,0.026042104112118568
21339,0.4796718648909389
21340,0.516081632425968
21341,0.6902985209546542
21342,0.018453117467290663
21343,0.5847333635425914
21344,0.3809127633509753
21345,0.3209279575762154
21346,0.7220008926908645
21347,0.5105486314207432
21348,0.008616893953555676
21349,0.42196037833203487
21350,0.39716905997845214
21351,0.4220351529580732
21352,0.3025995333655902
21353,0.011229963099118594
21354,0.019534015504268157
21355,0.029549470030097235
21356,0.626072357128997
21357,0.8062300268400191
21358,0.00767675644953047
21359,0.020086329783902176
21360,0.6884963649308787
21361,0.01942173883480228
21362,0.5106776161288078
21363,0.345144284624424
21364,0.11855813206859775
21365,0.04231234811843042
21366,0.03346591178615882
21367,0.08350165368994167
21368,0.7154290525992512
21369,0.3523359047094372
21370,0.5341772950899611
21371,0.3275814984474487
21372,0.4800660963585646
21373,0.013117937572086085
21374,0.6252571033020846
21375,0.40576987890771826
21376,0.6591553272815976
21377,0.0760688774339947
21378,0.8548704114688224
21379,0.7805274199216815
21380,0.7148424998606369
21381,0.01018674195149603
21382,0.01471207861816641
21383,0.5392198825018524
21384,0.022807477363523246
21385,0.7228614063838446
21386,0.020688111579850586
21387,0.5025884919833571
21388,0.8849445794980879
21389,0.030586996088524585
21390,0.1295685592775437
21391,0.011406468268476673
21392,0.24188207202211298
21393,0.006144541327997632
21394,0.755801128322906
21395,0.023814864656957476
21396,0.20133509187512605
21397,0.01198213360340878
21398,0.40995158376088103
21399,0.803298742055152
21400,0.6630915670694123
21401,0.016893464039341298
21402,0.1586067528224941
21403,0.5740180037382131
21404,0.7801314139927158
21405,0.312033747947157
21406,0.46679632676393856
21407,0.691218908721357
21408,0.6764720550725406
21409,0.473050063662814
21410,0.7623341302518121
21411,0.029045882231904165
21412,0.05455248101722677
21413,0.6020006663538696
21414,0.45874798735699174
21415,0.8130395226165209
21416,0.5097184280951126
21417,0.8500374728152511
21418,0.3967172256029017
21419,0.5024622374774412
21420,0.07409540827037295
21421,0.05694551549996546
21422,0.8065188675034253
21423,0.6501927005952637
21424,0.004543875663076567
21425,0.021264265613569255
21426,0.04912583783409176
21427,0.600457821385572
21428,0.7270319565440417
21429,0.3296372343405951
21430,0.013480726352448099
21431,0.8177485192899435
21432,0.8168606290655411
21433,0.042512429358531376
21434,0.3843700884501216
21435,0.7832559262977177
21436,0.6104754559834231
21437,0.4115187382012937
21438,0.22795334879602847
21439,0.6972912639670965
21440,0.021281338244286865
21441,0.026910649427096714
21442,0.5674613119812573
21443,0.8365649228260024
21444,0.31534127234864406
21445,0.015905458123233372
21446,0.8446194195873591
21447,0.6527745463155517
21448,0.48095113669362133
21449,0.05210047586540271
21450,0.5887035932402838
21451,0.3372281134324958
21452,0.7080038888782165
21453,0.30629552237683233
21454,0.7125303019930047
21455,0.006897459669405436
21456,0.008882514036428231
21457,0.5751571213661638
21458,0.050230707851356346
21459,0.3868545239375064
21460,0.5804178182524401
21461,0.3853883309985476
21462,0.5722215760721128
21463,0.598891259505203
21464,0.03199537663615306
21465,0.025078112312075455
21466,0.27912919757126453
21467,0.24438765315998284
21468,0.40129977024354524
21469,0.03125666160462022
21470,0.708598123502269
21471,0.02428647782673812
21472,0.5726986624941004
21473,0.11582971513103847
21474,0.336068754998319
21475,0.04412012474064079
21476,0.6215309863482326
21477,0.20344365167472303
21478,0.15376018100555683
21479,0.014296423022408175
21480,0.026755003426387976
21481,0.45590926441878404
21482,0.7797225943561391
21483,0.7310955896774259
21484,0.6646357878155393
21485,0.015976653951138342
21486,0.020883326873543204
21487,0.021907080688373128
21488,0.03858609757308215
21489,0.015280728849007453
21490,0.8053210984098286
21491,0.5829273600184305
21492,0.016547667135162127
21493,0.13685121052083457
21494,0.480272554796745
21495,0.7314239272376503
21496,0.014473380160816573
21497,0.07280371725944051
21498,0.01955631661480591
21499,0.028336323349984434
21500,0.4970356759816322
21501,0.04137426125909112
21502,0.32418183674933837
21503,0.04199798075259806
21504,0.20799847217605705
21505,0.7377150104296661
21506,0.024170375889292554
21507,0.49802890239536785
21508,0.039514646494309906
21509,0.6284362389499819
21510,0.32258062942779037
21511,0.2201781307326519
21512,0.6428925178917789
21513,0.031021908569151536
21514,0.7541341345079244
21515,0.45845639916407455
21516,0.024929921892633634
21517,0.5747460269553777
21518,0.008013793121048015
21519,0.2213724616623298
21520,0.49773310196585907
21521,0.46278839697142504
21522,0.5428555234623472
21523,0.4853134888620809
21524,0.026407279960384656
21525,0.08277476148036281
21526,0.010404810729710017
21527,0.00815058844292401
21528,0.043132727788803046
21529,0.38760102661030227
21530,0.0120695404588863
21531,0.04933828004485716
21532,0.014975422970925066
21533,0.2184432111659121
21534,0.050564526601609254
21535,0.018158197380729053
21536,0.3173047632930669
21537,0.023736228022190248
21538,0.14279342572285747
21539,0.45872143127441367
21540,0.015580288523272603
21541,0.006292149175790468
21542,0.01623586078872748
21543,0.31594899326038794
21544,0.1155021651890404
21545,0.009634427109593929
21546,0.017553958326208395
21547,0.7403048005943461
21548,0.36688576673711637
21549,0.42003320904469976
21550,0.03843433264603846
21551,0.009601594955235417
21552,0.6715187615683106
21553,0.839105756799956
21554,0.7092021554903549
21555,0.005800175852899567
21556,0.7597676688159007
21557,0.5280062387671431
21558,0.06126551350738736
21559,0.23030718181574986
21560,0.48171343147116197
21561,0.7473991342119332
21562,0.688329508553744
21563,0.6567222137345523
21564,0.7991228180085974
21565,0.5368135787432178
21566,0.7253437877105803
21567,0.6695038269850855
21568,0.03144972145774013
21569,0.08308653518286421
21570,0.06692266184770783
21571,0.744482223886682
21572,0.023954996451286896
21573,0.5710588305224489
21574,0.6620528188581469
21575,0.4213955943725855
21576,0.022578364477347613
21577,0.03565870378857424
21578,0.6331823913249176
21579,0.032434005966855146
21580,0.01441671771905213
21581,0.4700557920274863
21582,0.19096747413747672
21583,0.015563888444737965
21584,0.010189240058869
21585,0.07844842328461721
21586,0.011852485568158
21587,0.5718730384097845
21588,0.6035395354608539
21589,0.010594764310105283
21590,0.027597938327344307
21591,0.013532337373899224
21592,0.48334350094758494
21593,0.015150648365837885
21594,0.289382707860393
21595,0.0450980981536037
21596,0.5971333612856902
21597,0.6720884774684017
21598,0.40137567440405403
21599,0.2668458962802035
21600,0.4388918820585652
21601,0.07639333213917107
21602,0.7828189784856496
21603,0.47863084716034754
21604,0.5412471169455124
21605,0.030863020214957584
21606,0.5575507423373346
21607,0.8263450639170064
21608,0.2590661100981764
21609,0.7990029530351964
21610,0.46777226771721464
21611,0.2830695614301168
21612,0.022848132402269655
21613,0.7556785831932296
21614,0.46925606876419335
21615,0.060020076529732645
21616,0.7109633945527534
21617,0.5300690200727295
21618,0.49563296994542044
21619,0.7740423149913594
21620,0.41027593817591584
21621,0.7023815610559363
21622,0.028829607007422844
21623,0.022734963964889086
21624,0.8785562206855974
21625,0.639715077838843
21626,0.6994485403760858
21627,0.012521290182770019
21628,0.00855275697763196
21629,0.8058175926784609
21630,0.47331257223217504
21631,0.35817473061979493
21632,0.02359378884360801
21633,0.446977534814227
21634,0.018315645799079266
21635,0.08536668517994786
21636,0.08460009486923967
21637,0.0027738009370729838
21638,0.48216655780135764
21639,0.5698422649803603
21640,0.39790473178517516
21641,0.38367169599758766
21642,0.6006021687743403
21643,0.6205537873978559
21644,0.016532771911848997
21645,0.9194732518680478
21646,0.6842158367632798
21647,0.7541332832666131
21648,0.34360110764009033
21649,0.3160331672223414
21650,0.028473556454537384
21651,0.6534235421157746
21652,0.007515942765127277
21653,0.5163925125304564
21654,0.6938441633980461
21655,0.6371540175624355
21656,0.7472649243059627
21657,0.5654911078215763
21658,0.3943162089100574
21659,0.0320552163118806
21660,0.02739108737442738
21661,0.6680194675487444
21662,0.20770389186631194
21663,0.025935515987773588
21664,0.62439764961007
21665,0.757378247993873
21666,0.011973022861138004
21667,0.5493088106766744
21668,0.014644471617521455
21669,0.02311154614842413
21670,0.030235085332317977
21671,0.4205359977083219
21672,0.6662620654339013
21673,0.006022664033640768
21674,0.5830097699685888
21675,0.010343330788462852
21676,0.14645425126212713
21677,0.013307804637804786
21678,0.01773149701401052
21679,0.6521633481365035
21680,0.07277811040918926
21681,0.7196656210877805
21682,0.7106140761186758
21683,0.0057455414012271295
21684,0.8213928861509231
21685,0.2423490001763999
21686,0.2981026944756906
21687,0.5043456864127145
21688,0.5839745947853741
21689,0.03528529246205761
21690,0.23123441853046528
21691,0.017937040409444265
21692,0.04516454747839738
21693,0.8016364839518562
21694,0.6342568218485972
21695,0.00863541583472907
21696,0.7955329343524643
21697,0.04025596577804857
21698,0.15494299452257845
21699,0.026809677204221057
21700,0.678447830880158
21701,0.37422563445891976
21702,0.780233057468285
21703,0.31389212470070654
21704,0.5947801229358866
21705,0.011104683287186496
21706,0.7255172733665924
21707,0.030120357332946376
21708,0.7388431684217136
21709,0.02695469416282565
21710,0.8795088172977444
21711,0.5233996576351849
21712,0.0990401849065106
21713,0.3678049047760672
21714,0.07349761129226642
21715,0.6818475564051129
21716,0.01592494015239134
21717,0.42309727305554934
21718,0.680790731826318
21719,0.1719229928291997
21720,0.06442979814207109
21721,0.6171846818741056
21722,0.8470042744155328
21723,0.46188107196452555
21724,0.007419585321506612
21725,0.005620615429436293
21726,0.7650460995533691
21727,0.01409923183622807
21728,0.05872007512367538
21729,0.529706513725188
21730,0.36112806163623934
21731,0.011077944216039613
21732,0.2887053508247906
21733,0.42403060268566906
21734,0.0030500375911349407
21735,0.7678495614787423
21736,0.24040782185380302
21737,0.7089128985683646
21738,0.08250354346107988
21739,0.012377055412997894
21740,0.018543192220776217
21741,0.3383823624181143
21742,0.055279824043499584
21743,0.23847245326568006
21744,0.007232266436253356
21745,0.035902062853232095
21746,0.6069276665292753
21747,0.34690929040350255
21748,0.47649378862517694
21749,0.040221305203388895
21750,0.5473050609199677
21751,0.8819645181886413
21752,0.6936614761457569
21753,0.04432370804591576
21754,0.049028042918357016
21755,0.4384162732022782
21756,0.5067531225030388
21757,0.7825188540214194
21758,0.6822038727482737
21759,0.33158101352993685
21760,0.2738568536373649
21761,0.02004213737609442
21762,0.4790241680695062
21763,0.5028538588628155
21764,0.08876288103086583
21765,0.1400741241354024
21766,0.01515375174123602
21767,0.5687994687645465
21768,0.5052098264987344
21769,0.42708107326191425
21770,0.6259106807209174
21771,0.3152072078571754
21772,0.008751847746175085
21773,0.024871597535803702
21774,0.052489998760636404
21775,0.09247822530773718
21776,0.724968175944708
21777,0.8512007462048743
21778,0.03176617829722392
21779,0.05804111970584029
21780,0.3941676405069662
21781,0.010152680467948564
21782,0.01859670477909206
21783,0.5362582423132622
21784,0.29093505529546126
21785,0.22657395395818153
21786,0.08246738942945467
21787,0.6808254735728871
21788,0.028790895502693318
21789,0.6285275606959093
21790,0.46472183575127435
21791,0.009991555629575622
21792,0.6104823965653816
21793,0.038011855131950836
21794,0.0950573586016216
21795,0.4448272353119958
21796,0.654381676871008
21797,0.062352685335327916
21798,0.05986877099767091
21799,0.24941480688703516
21800,0.49656651688195225
21801,0.024005080087173725
21802,0.004699572256844373
21803,0.8557274062186377
21804,0.9048909193841415
21805,0.007447041936215508
21806,0.6007221385892786
21807,0.0706158991360998
21808,0.02969929352168604
21809,0.03159945936869843
21810,0.018357747901384894
21811,0.009568863787901161
21812,0.26524891549218116
21813,0.11465180121083335
21814,0.6142220626229045
21815,0.8404430510006682
21816,0.19388578304992612
21817,0.16776507279986572
21818,0.23094618621778445
21819,0.0842394958707496
21820,0.22327731792240318
21821,0.004553186228794486
21822,0.4257687645093087
21823,0.7760795762572238
21824,0.2358819938820214
21825,0.8327177337132483
21826,0.08321234401956189
21827,0.7604626639145944
21828,0.6320622458082468
21829,0.025845007003807867
21830,0.028881685832898556
21831,0.07676808179550554
21832,0.050919152978424524
21833,0.5779212635088665
21834,0.0699914610812772
21835,0.7446044958640752
21836,0.012198331960035079
21837,0.49108120422592405
21838,0.15775751388411435
21839,0.6032994796432603
21840,0.02063455385474172
21841,0.044104908728128014
21842,0.0335967450062559
21843,0.39069691039366217
21844,0.01932594570927434
21845,0.8323319829450171
21846,0.041097363523522404
21847,0.01856977618101083
21848,0.04826909631280766
21849,0.17766898557722258
21850,0.38763682767527824
21851,0.13465444473376514
21852,0.508219847194797
21853,0.4469547690986707
21854,0.5451640109588295
21855,0.548356061626623
21856,0.043365310283095385
21857,0.5435001036483977
21858,0.23916363334589114
21859,0.08163124542696912
21860,0.020711535530188792
21861,0.6308634359208644
21862,0.5851230727921065
21863,0.5636559409004072
21864,0.19566750101458358
21865,0.04637633473357961
21866,0.016010513435226425
21867,0.30092713591017917
21868,0.010598524929522724
21869,0.20320902572942096
21870,0.639003509262819
21871,0.6905050132019693
21872,0.007568961375439451
21873,0.078832337730466
21874,0.1514512228993981
21875,0.020536803007127503
21876,0.7329038281009357
21877,0.4003978575211449
21878,0.02419473760490561
21879,0.02839979816508765
21880,0.018602549464717094
21881,0.5933834140284702
21882,0.33283102286006755
21883,0.7299725275185696
21884,0.41518294445064374
21885,0.03914575995338983
21886,0.7124616614837885
21887,0.024013496638739883
21888,0.33068074319959506
21889,0.012950278921368715
21890,0.026647425708539604
21891,0.7922310991006131
21892,0.009825350334793634
21893,0.01432166990371041
21894,0.007175717076242593
21895,0.48172422881848537
21896,0.036644240543657544
21897,0.5060937995833317
21898,0.29036135383555367
21899,0.7456417728883783
21900,0.37039313021884035
21901,0.34383092409698346
21902,0.6260906855185376
21903,0.88754888848217
21904,0.6338585046366185
21905,0.045332698148056925
21906,0.6612477939216748
21907,0.012833859057588697
21908,0.015727813169562874
21909,0.20796596191513392
21910,0.07219141336896544
21911,0.01631918520009907
21912,0.033831128406165235
21913,0.6696058239945035
21914,0.7123010400542716
21915,0.6392098599952718
21916,0.020668041399221095
21917,0.73479333280608
21918,0.5412118869082743
21919,0.6581705197657863
21920,0.42186609495533334
21921,0.6847310390222849
21922,0.01630747457568508
21923,0.7742373999341114
21924,0.44120636102853633
21925,0.799765688974842
21926,0.021553644050815248
21927,0.6002306767623566
21928,0.7410274383166386
21929,0.6157632354924634
21930,0.6232423507311139
21931,0.019170519527661654
21932,0.7576297751004915
21933,0.5367646234522332
21934,0.881477415289239
21935,0.08563032889322936
21936,0.2065023544755807
21937,0.7289314838476737
21938,0.6732772138034511
21939,0.40252481028013193
21940,0.021909654589160214
21941,0.7872824855481754
21942,0.7090729986654624
21943,0.38580395439143017
21944,0.025300113079427144
21945,0.3003251393069857
21946,0.5652780482601062
21947,0.01605937117436035
21948,0.3137591729561997
21949,0.5211742680210162
21950,0.010003892481360748
21951,0.027330256754393076
21952,0.07591610723971379
21953,0.33160783957928275
21954,0.7013111221408975
21955,0.4992288375157681
21956,0.7687211029666136
21957,0.008110286298696541
21958,0.058109878869240184
21959,0.7972061193820065
21960,0.2924561851384879
21961,0.2805537516157471
21962,0.9058990341316859
21963,0.02359919064353568
21964,0.6750052140208278
21965,0.01722971265309478
21966,0.007965098393812604
21967,0.029830135564152836
21968,0.8808541921897578
21969,0.028172341566673673
21970,0.7592813805165384
21971,0.7707855747079125
21972,0.008793043102619125
21973,0.6862938137615393
21974,0.1001123927516328
21975,0.5173696271629029
21976,0.009827589056034626
21977,0.6677360567983707
21978,0.7166579637682015
21979,0.6723188116948097
21980,0.006155148720973011
21981,0.6584160190778628
21982,0.44263108220204916
21983,0.4883199449624695
21984,0.418612248349033
21985,0.27152539196466113
21986,0.016532607116780045
21987,0.033422569721708636
21988,0.23597907939729287
21989,0.04706309701865323
21990,0.6012039640272601
21991,0.4410030605100226
21992,0.007927155727638633
21993,0.5108752255988722
21994,0.714758930784331
21995,0.009432490749530294
21996,0.390461195932369
21997,0.07504982112198699
21998,0.9006251058013139
21999,0.026031899701991445
22000,0.6269593815695825
22001,0.7747508020122742
22002,0.5267628555574959
22003,0.6233251990175714
22004,0.781127008259379
22005,0.039049493324432805
22006,0.20052753864048567
22007,0.022435810563180166
22008,0.8248702984949619
22009,0.06942560037983392
22010,0.7089054365082019
22011,0.567886080584813
22012,0.015245765960220902
22013,0.023843032594799387
22014,0.555461561249007
22015,0.5649842530736856
22016,0.4045292131409795
22017,0.47798069789952324
22018,0.602410049066358
22019,0.7039903352281476
22020,0.16715723637473176
22021,0.860059534231518
22022,0.5781124796737497
22023,0.6307599169191483
22024,0.7286205800257065
22025,0.47852092254760964
22026,0.8377416323543065
22027,0.7908286120813294
22028,0.012947245719799648
22029,0.08306219235646092
22030,0.35948751872709983
22031,0.15815212191437064
22032,0.48714112387562203
22033,0.020548083325693932
22034,0.015744687473451147
22035,0.15296602872004192
22036,0.7197488653883346
22037,0.014793674598394462
22038,0.0251118827261251
22039,0.1440774501455614
22040,0.7117087144241205
22041,0.7724941791371153
22042,0.2514793931477399
22043,0.027876584009677866
22044,0.7875898393901591
22045,0.15356044549827472
22046,0.7136506852594365
22047,0.017030335254752876
22048,0.6347562102540647
22049,0.8438767687217995
22050,0.567119863789906
22051,0.45893270998758173
22052,0.5130629269704368
22053,0.36584291967350846
22054,0.009919326630420349
22055,0.7207593088335703
22056,0.019090725269490995
22057,0.01427473817864847
22058,0.06608050546543169
22059,0.25865120474566217
22060,0.44090457648720127
22061,0.009238215787903254
22062,0.01827804426080473
22063,0.7688715614763812
22064,0.07579400200224365
22065,0.04037633435363013
22066,0.2654098907629521
22067,0.32761212036544046
22068,0.21172605856809834
22069,0.705359244036514
22070,0.44588344769100524
22071,0.07625011532271929
22072,0.016826982577743087
22073,0.38652661038203545
22074,0.8219556758185121
22075,0.04000109670105896
22076,0.24637462269812493
22077,0.28443078605939687
22078,0.6879740821070681
22079,0.016201221720908845
22080,0.5006988418153262
22081,0.677707544752868
22082,0.0222425324754476
22083,0.046162537459717885
22084,0.562529229738022
22085,0.053669733520893485
22086,0.39835015268326285
22087,0.20053607490619485
22088,0.5008560811366154
22089,0.02452174251811755
22090,0.39099809697452437
22091,0.009248555743314877
22092,0.6630373478887196
22093,0.8217733804053964
22094,0.5406747353632898
22095,0.5569844522033972
22096,0.44178515917029887
22097,0.014534374516869255
22098,0.8513520709530801
22099,0.43798443816428073
22100,0.7419322352657736
22101,0.00998562892129983
22102,0.3019717890561381
22103,0.6848302027672908
22104,0.44158152650598576
22105,0.019875329216582624
22106,0.01800026846604479
22107,0.015345843823303715
22108,0.015541524925517233
22109,0.03662743127165643
22110,0.6239429160440633
22111,0.007180631339406932
22112,0.08187225212809085
22113,0.5739802099374074
22114,0.8585753798290214
22115,0.00484189874744605
22116,0.5808083953423512
22117,0.6707322133901854
22118,0.8018654931396203
22119,0.028828208487816566
22120,0.021007536662521982
22121,0.12323286593056701
22122,0.6038485632947207
22123,0.6269893312636668
22124,0.022518641195204463
22125,0.4937244011765973
22126,0.5170257056695118
22127,0.5435593496059483
22128,0.34670352253038883
22129,0.3847676089265738
22130,0.7279517438183805
22131,0.4370511509514309
22132,0.044103221100750586
22133,0.5998109387599306
22134,0.7054506661039163
22135,0.009136434851572365
22136,0.04623282747665262
22137,0.49860145351742446
22138,0.009575009622303666
22139,0.5472948410888199
22140,0.9130013115477239
22141,0.023289211338357985
22142,0.36259431720004437
22143,0.047196283076433754
22144,0.03663575121373874
22145,0.007452473664173183
22146,0.6455365971062146
22147,0.11499136057317592
22148,0.010747052323941138
22149,0.8140209286606912
22150,0.6166467796111905
22151,0.17806836892724554
22152,0.7216795481614647
22153,0.38916794781343167
22154,0.4576142296422328
22155,0.017105928355216564
22156,0.3297281456673431
22157,0.7339538099493986
22158,0.24174986609466736
22159,0.36287224286870856
22160,0.4818097544862255
22161,0.2562090453617786
22162,0.8712217753934912
22163,0.012795198133850633
22164,0.015056303929839334
22165,0.6679555748955017
22166,0.4874707651701448
22167,0.7674925337449386
22168,0.009484375073463579
22169,0.00823286201199398
22170,0.024573514096113257
22171,0.5856608938525154
22172,0.6560960688424259
22173,0.08942989281090882
22174,0.43034642213780094
22175,0.6947017227893025
22176,0.5158451358945781
22177,0.028620111414234716
22178,0.03227453902194861
22179,0.3691609792505336
22180,0.49241015119679976
22181,0.2979550145733346
22182,0.050141283484478064
22183,0.010577691598754768
22184,0.022651776631821895
22185,0.005895237804480539
22186,0.8558452503917334
22187,0.017060377880369664
22188,0.39358333390443856
22189,0.021077813901290963
22190,0.2535821873665435
22191,0.04918006258987831
22192,0.42671586401637895
22193,0.8516369252489445
22194,0.006807567966706934
22195,0.6268573428700122
22196,0.41006872259966476
22197,0.015449296838916248
22198,0.9010667451084939
22199,0.027137633139507834
22200,0.09485637152893309
22201,0.7227288739854145
22202,0.5088368963811174
22203,0.07568157302882736
22204,0.26181777247493215
22205,0.523826548439217
22206,0.2467211255945381
22207,0.7499911850490087
22208,0.5115413422899303
22209,0.2782344193472261
22210,0.0069857369268066915
22211,0.01397554409172398
22212,0.8437502320430036
22213,0.6315907705016917
22214,0.7045125412411873
22215,0.3851789256426173
22216,0.21342187151859998
22217,0.5485771287596016
22218,0.6582977770392873
22219,0.7439676288246628
22220,0.015145291584956509
22221,0.004085417149812146
22222,0.7470857435724741
22223,0.6404723637726555
22224,0.03006130214615027
22225,0.037035151978052516
22226,0.7898400731662201
22227,0.2330842429484768
22228,0.40255494137294706
22229,0.13254115377918332
22230,0.09799472244180027
22231,0.3677176782803616
22232,0.3748990050287513
22233,0.01088428410315069
22234,0.027470721847807994
22235,0.5912997297580704
22236,0.22501028664977557
22237,0.05642203349550797
22238,0.4816022936562866
22239,0.584260968014017
22240,0.952641305416979
22241,0.5170173599110239
22242,0.016757074902620274
22243,0.8127120623199283
22244,0.838861630294697
22245,0.8665677516190007
22246,0.3798628403346835
22247,0.016171749313888713
22248,0.042417906705542366
22249,0.04341229861257466
22250,0.7270509325780434
22251,0.520700861343589
22252,0.5396886187388474
22253,0.49622057783241275
22254,0.033466051199717295
22255,0.2666570042872648
22256,0.012476043674205854
22257,0.3479798791424859
22258,0.05162084796113393
22259,0.44820968140075457
22260,0.8172994066008746
22261,0.5224790571914546
22262,0.0141336514422025
22263,0.022930252444120627
22264,0.4241261659393935
22265,0.7825602054673291
22266,0.012825724588350376
22267,0.41336828960994443
22268,0.009058837792871121
22269,0.2923520718315186
22270,0.6546314524400773
22271,0.07022925497264398
22272,0.6029231055670047
22273,0.009782473668581811
22274,0.003980705274417074
22275,0.4346797477726136
22276,0.674356634050554
22277,0.008320729666618766
22278,0.8218878151322158
22279,0.05225786644368844
22280,0.500457310086168
22281,0.012000526427627905
22282,0.2190672130896888
22283,0.7275382193455677
22284,0.42348874344233667
22285,0.3559509197710885
22286,0.5076345350130385
22287,0.4298856580281337
22288,0.02979367719287945
22289,0.012998485511957565
22290,0.3429935868414793
22291,0.7403827171984695
22292,0.0059647829760716
22293,0.1464666674728725
22294,0.46295885561076805
22295,0.18327225915824982
22296,0.4716159861168511
22297,0.5136554619686331
22298,0.4925528287064908
22299,0.028363473267233263
22300,0.5890941930527686
22301,0.03807195441310916
22302,0.7969413944401378
22303,0.003400372659003774
22304,0.7674833752201834
22305,0.16352997214720616
22306,0.17530249025941097
22307,0.03167519449353243
22308,0.6819816155265104
22309,0.08182706463936026
22310,0.06977572495021636
22311,0.010218714677431507
22312,0.5673012816407432
22313,0.4051795131255769
22314,0.6981257242236639
22315,0.42600387125544414
22316,0.013734494487867913
22317,0.624536992942072
22318,0.7576535759814714
22319,0.4936209106962769
22320,0.8379501171037949
22321,0.7278042804110665
22322,0.696948560429066
22323,0.7847469296173417
22324,0.5565870218290382
22325,0.2041788412941765
22326,0.28970954904502616
22327,0.0965284526122199
22328,0.020347398569583095
22329,0.03869537904462066
22330,0.22051509165074473
22331,0.7297068139702977
22332,0.8166424607300833
22333,0.010319195663007914
22334,0.028197498478069766
22335,0.010231844497254767
22336,0.7561603181048717
22337,0.02462113672402498
22338,0.009503552865220533
22339,0.008485737717497173
22340,0.7042389347087112
22341,0.02095085958183889
22342,0.7867028816369173
22343,0.7056295323659332
22344,0.013635857322185934
22345,0.022333634120833726
22346,0.4535943695491357
22347,0.5738275600685554
22348,0.05716525348623869
22349,0.3797035466158493
22350,0.7307382096715814
22351,0.009121831833352604
22352,0.30984626657671577
22353,0.09246115205616813
22354,0.3317527607610596
22355,0.07604967629688546
22356,0.6815144161130002
22357,0.3757491751945192
22358,0.04962814595228051
22359,0.719163422240637
22360,0.4768809972561356
22361,0.5169530244000672
22362,0.19611967818342269
22363,0.6263287054258924
22364,0.6443369721113437
22365,0.017711382865181414
22366,0.6919814314698532
22367,0.5774815176548078
22368,0.017633921972809007
22369,0.3234984058562541
22370,0.22290419015143198
22371,0.6201430830053367
22372,0.5171367525673654
22373,0.6392536707816836
22374,0.629517672714261
22375,0.6995729113318335
22376,0.4356224644318224
22377,0.3327910681878971
22378,0.7076163286872474
22379,0.040625392732799345
22380,0.26976012576483155
22381,0.15193548533858464
22382,0.01825306987124443
22383,0.09692644555511526
22384,0.8505444471802505
22385,0.0034935946849084737
22386,0.008760680578507617
22387,0.043700725385649064
22388,0.5980790912772105
22389,0.7044776472377381
22390,0.1067356526461288
22391,0.6801939866880945
22392,0.40730979753494045
22393,0.03920920463394734
22394,0.020301336365399665
22395,0.5951300294023026
22396,0.197273429639518
22397,0.573869958713801
22398,0.7966283855076137
22399,0.4320065250390918
22400,0.41401228536699675
22401,0.014584285751172424
22402,0.7236667876119514
22403,0.2756830914162898
22404,0.07558790277170958
22405,0.4900763469957737
22406,0.6969220646835637
22407,0.6564974851409635
22408,0.803855125571648
22409,0.05811208805287826
22410,0.8312382586421455
22411,0.8494579747451009
22412,0.2702341465335855
22413,0.5376710766828483
22414,0.8229243728549688
22415,0.41479120400576447
22416,0.06320745096338864
22417,0.4088655584142057
22418,0.8321020291354911
22419,0.9313448091592238
22420,0.12849143953381464
22421,0.011554796252224789
22422,0.0061184756511824204
22423,0.49630074063925783
22424,0.8102773144788109
22425,0.6850896385012163
22426,0.6419864937477584
22427,0.78509349558387
22428,0.6797290475778723
22429,0.01668091664418988
22430,0.8037265182993467
22431,0.09036192196969037
22432,0.7044441292076349
22433,0.0617290021376461
22434,0.6881594731091847
22435,0.008112440687800657
22436,0.13259388979905126
22437,0.6690805670972434
22438,0.10646315695743763
22439,0.00975296855877772
22440,0.592791722526847
22441,0.48390492100562843
22442,0.017230783875539002
22443,0.2895655767135768
22444,0.8631407619069453
22445,0.7443707256578694
22446,0.7439484337165796
22447,0.12459240913414965
22448,0.6444220235807584
22449,0.6208316987918323
22450,0.01573405458609311
22451,0.34018777871181444
22452,0.05099482647755506
22453,0.38123972628753944
22454,0.16936679140609626
22455,0.43458178306618583
22456,0.01589092845339564
22457,0.045547185511882825
22458,0.5027547475574156
22459,0.5659474151403218
22460,0.5505907092023166
22461,0.5526952332125259
22462,0.476774084265431
22463,0.7444336134126776
22464,0.1252783527469001
22465,0.024155877112535393
22466,0.5619431525342302
22467,0.07388592287752338
22468,0.46280500975400385
22469,0.007295286609097626
22470,0.5653474256572759
22471,0.031208617635384715
22472,0.6790727444491775
22473,0.5640305801243198
22474,0.6941018655152864
22475,0.04124638022605826
22476,0.07249437268839823
22477,0.6421122558139211
22478,0.7409045221305566
22479,0.011258307862863293
22480,0.04053554842423026
22481,0.5628985317578641
22482,0.47665752423967
22483,0.5561507606558747
22484,0.87251436358093
22485,0.03602431415334524
22486,0.0030737076147673774
22487,0.30904831473991057
22488,0.5178234521979964
22489,0.10373097117849545
22490,0.8335607221349657
22491,0.013396653459053264
22492,0.20437493737381854
22493,0.5498093004430484
22494,0.03645804695853129
22495,0.06601383621853871
22496,0.004105552288901309
22497,0.04349921303229867
22498,0.43926330557704907
22499,0.5106613341865582
22500,0.09841035749117549
22501,0.6123973957360691
22502,0.6999747625870938
22503,0.017221533725798963
22504,0.1416608969216937
22505,0.21523253116290192
22506,0.36767441773859794
22507,0.5576400549520644
22508,0.018540369752827197
22509,0.09233336759834614
22510,0.36978330991280606
22511,0.01782604136538907
22512,0.006116202354823828
22513,0.034189722693170485
22514,0.5227163632818645
22515,0.007989418938769595
22516,0.537627349637647
22517,0.7269391487335425
22518,0.47765592160991444
22519,0.32063926482969446
22520,0.6410128867585261
22521,0.06246810245138186
22522,0.008036252327988859
22523,0.7842789464555749
22524,0.05902021389197489
22525,0.22075130830787965
22526,0.7721914278302556
22527,0.012631997916433282
22528,0.8808370855330176
22529,0.6387072845845723
22530,0.3485760867933902
22531,0.29007027859160767
22532,0.5106962142789353
22533,0.8119395020196497
22534,0.6135630950447603
22535,0.38311559814674545
22536,0.630888951943833
22537,0.6751509064162486
22538,0.250340122212566
22539,0.03991701105334941
22540,0.33529657132781965
22541,0.6936869210015781
22542,0.7975945603757101
22543,0.13211414941726052
22544,0.36820022863373614
22545,0.345765274635353
22546,0.5371984445619001
22547,0.019179958742581656
22548,0.35593403868789836
22549,0.2866710148213685
22550,0.05086133793400166
22551,0.029859461567650437
22552,0.014441399092392808
22553,0.5916117653888169
22554,0.009563317578953984
22555,0.8424447693126585
22556,0.007412014791829685
22557,0.7802611151013139
22558,0.587555463103143
22559,0.03047898929351709
22560,0.7414608766200368
22561,0.3004480184059409
22562,0.008300125020217932
22563,0.019452027974350795
22564,0.6777106554430747
22565,0.3148328156751206
22566,0.2988868036499902
22567,0.551017699032596
22568,0.014694957978999435
22569,0.03493365188508833
22570,0.6099206708035285
22571,0.6642614358100963
22572,0.7000267071113159
22573,0.011359569115713904
22574,0.02083821544401628
22575,0.0948857157168371
22576,0.4622293063406338
22577,0.7047895942894133
22578,0.8950953457777164
22579,0.5855211590515109
22580,0.3425536461601122
22581,0.01369346444533146
22582,0.20403518355979441
22583,0.21332046058657747
22584,0.5433973070186695
22585,0.03167184891742492
22586,0.25416952124150116
22587,0.6261285943185662
22588,0.4907846802754904
22589,0.7333372238781317
22590,0.8115936221167823
22591,0.4420153290354559
22592,0.3581523045719745
22593,0.11915407113096152
22594,0.8474744132951528
22595,0.19497593669981578
22596,0.5841103614887997
22597,0.03618979680858803
22598,0.2622457962421515
22599,0.2130490995044943
22600,0.01966444392157181
22601,0.01728185865941012
22602,0.00878611766476131
22603,0.036929653178838444
22604,0.012261616740010571
22605,0.01872702061519846
22606,0.008743097001938465
22607,0.027491651490892312
22608,0.6602563978818989
22609,0.4318205034635365
22610,0.4869655590172891
22611,0.018273098924723143
22612,0.05263458336201595
22613,0.035635277208305075
22614,0.041783283739839805
22615,0.06665328031084106
22616,0.047274115116829475
22617,0.01579889932559607
22618,0.359784870020543
22619,0.03778262020814678
22620,0.5173587182847376
22621,0.3852118049848785
22622,0.5346750840686512
22623,0.5940232476357696
22624,0.6015176351705128
22625,0.7586491313261735
22626,0.018100947625713553
22627,0.039867489861506074
22628,0.010954747553767557
22629,0.5237459733300761
22630,0.011900382860648864
22631,0.40749782232681303
22632,0.7704298983460999
22633,0.026980139732008447
22634,0.3775754380176691
22635,0.005490307827595012
22636,0.5608103270692747
22637,0.013480496111263153
22638,0.3514863037365452
22639,0.13162418990127606
22640,0.015680347385420006
22641,0.7354845695466335
22642,0.7733725813882183
22643,0.18461475075765987
22644,0.013896180973630339
22645,0.4679270967674103
22646,0.49113336816877906
22647,0.5965174234334788
22648,0.014068327036212806
22649,0.008396467423058926
22650,0.5696676981471166
22651,0.5521158443864804
22652,0.7497581592011939
22653,0.40627988129113785
22654,0.4805683361292887
22655,0.06741837077361919
22656,0.02280485406064772
22657,0.7000025855156382
22658,0.6145939763633055
22659,0.009569829278705165
22660,0.006346685561324924
22661,0.04455719283830778
22662,0.02519023253233625
22663,0.6152471985436847
22664,0.6000635704965165
22665,0.7061390452783068
22666,0.005734610328750367
22667,0.3660120762548011
22668,0.8093355902383559
22669,0.04143053788059893
22670,0.024973028296974203
22671,0.5971575861147348
22672,0.3872914611689239
22673,0.4269908560768838
22674,0.019083353069897682
22675,0.08276762911585506
22676,0.406063469461773
22677,0.4459237609104746
22678,0.13731619748461588
22679,0.25678347957469844
22680,0.2840580021150321
22681,0.3271069163813461
22682,0.010608779834852644
22683,0.005724148138125537
22684,0.3778796841719256
22685,0.26083311796827313
22686,0.7068281878282606
22687,0.4430102774951836
22688,0.8128828877139644
22689,0.13837739348924005
22690,0.7311955072622013
22691,0.6264432527944441
22692,0.6385805798039984
22693,0.3329522689665019
22694,0.2758042004951075
22695,0.020233578434469802
22696,0.002570157492500568
22697,0.025967028414896183
22698,0.19416441945186608
22699,0.59040825024227
22700,0.7048486312006754
22701,0.5690323633527815
22702,0.20525689387626866
22703,0.2648646760623698
22704,0.5463578063263543
22705,0.41429132895765847
22706,0.7601969349314904
22707,0.7616332135054991
22708,0.03634764926270909
22709,0.04126742966271341
22710,0.4211551107971621
22711,0.0102517997716375
22712,0.04248434592867327
22713,0.37360601935209525
22714,0.6061917414669642
22715,0.017038030613447774
22716,0.4226780138179259
22717,0.014882018174654281
22718,0.2819344761703489
22719,0.06323789862438725
22720,0.11482443633987449
22721,0.008373466038507764
22722,0.6102087251127122
22723,0.5802268926434185
22724,0.06745876526365281
22725,0.8576217155881692
22726,0.029116640181336886
22727,0.010202866956371764
22728,0.03755489462696804
22729,0.46566355926208275
22730,0.4023490376209485
22731,0.026895387141920198
22732,0.580502406222079
22733,0.5871297736872071
22734,0.24312213306212582
22735,0.35795465693918305
22736,0.7340407974145328
22737,0.4117479736953012
22738,0.5821105408201244
22739,0.6519530437879724
22740,0.5087778040379927
22741,0.6163955434651136
22742,0.7445010787711557
22743,0.40430193026291894
22744,0.00514773111447237
22745,0.4537608148539079
22746,0.6224190647272094
22747,0.6711571266496628
22748,0.63897759626478
22749,0.45185567217129496
22750,0.5444688913404044
22751,0.042901823251584044
22752,0.7287979028615923
22753,0.7065190456997736
22754,0.18627495513335637
22755,0.039141644730641745
22756,0.694591106790657
22757,0.6567315331920903
22758,0.01037541212684249
22759,0.6718901465256204
22760,0.6598059493489454
22761,0.01831135672835601
22762,0.4207279861393558
22763,0.008132867825460086
22764,0.06580472060297321
22765,0.017544206645232846
22766,0.019347092198592132
22767,0.014574061399030619
22768,0.22363145876821394
22769,0.010590475671383399
22770,0.039557971261030236
22771,0.2666122160253883
22772,0.5687659976373092
22773,0.8232253610526025
22774,0.026790201746330043
22775,0.031114851178823778
22776,0.3365622810240075
22777,0.4064137522422171
22778,0.24077495881306088
22779,0.03253449522340997
22780,0.7258992253819911
22781,0.7088844121602587
22782,0.02371176009273345
22783,0.2893880297217655
22784,0.016091867426544004
22785,0.38475490713886845
22786,0.4467484870492294
22787,0.7394011379614083
22788,0.004260459720755868
22789,0.08905752234280728
22790,0.6411198076657736
22791,0.8064335331437692
22792,0.12383341760741261
22793,0.6896742821694591
22794,0.13744758243119706
22795,0.4828263221913397
22796,0.41504724922843106
22797,0.020235417662465754
22798,0.6983068563499873
22799,0.3264508991514784
22800,0.7820653937314297
22801,0.03187887595568661
22802,0.3414748926299157
22803,0.07153438205345888
22804,0.5661751009399014
22805,0.02138297130270242
22806,0.023230263046355316
22807,0.26250375354466804
22808,0.6801369640236272
22809,0.7860010536579313
22810,0.012688562738068388
22811,0.030645940299133194
22812,0.025928545091137255
22813,0.01606458591626854
22814,0.2995675606107275
22815,0.7564363302262033
22816,0.2627339557738879
22817,0.6407445365632036
22818,0.2372269016416208
22819,0.012148737779372573
22820,0.2413191170268122
22821,0.026514080587921096
22822,0.015819019815400057
22823,0.8256234486907127
22824,0.767270730152678
22825,0.07803287947954171
22826,0.7698849662185611
22827,0.5548087390597781
22828,0.6578825823568851
22829,0.014069405395572736
22830,0.8413401073913649
22831,0.5854665124521305
22832,0.40920243606735324
22833,0.013444829850431491
22834,0.44026889067975833
22835,0.5969848370928563
22836,0.7000261217128099
22837,0.6756873144072619
22838,0.7161619104317333
22839,0.1902662554172445
22840,0.014224573993106475
22841,0.018466181401097397
22842,0.01754300140100659
22843,0.4038553443304736
22844,0.5575782623000235
22845,0.5041384716265582
22846,0.6346618146491754
22847,0.434412406582975
22848,0.7301222010535631
22849,0.1869891533374625
22850,0.07827474330133488
22851,0.16709825497554173
22852,0.00517060200908193
22853,0.5101194864649721
22854,0.1993022669921674
22855,0.6566878453819232
22856,0.6181173097364016
22857,0.010236238274546183
22858,0.35778094016322126
22859,0.0074435096402403166
22860,0.639926056105264
22861,0.5878695832949773
22862,0.6492602586459758
22863,0.5849801907575538
22864,0.4624368155529008
22865,0.8996764750398292
22866,0.80128683996037
22867,0.8838129801299888
22868,0.016021233615450832
22869,0.014104593483716147
22870,0.02056218745537679
22871,0.7681003260375338
22872,0.4153139711528036
22873,0.739959326700701
22874,0.044359930798833096
22875,0.5875608464304376
22876,0.44430571861478224
22877,0.6487223616613271
22878,0.5312880510203877
22879,0.6615887566539027
22880,0.49876823706704126
22881,0.08839396906299657
22882,0.5796147257123515
22883,0.14803475322654394
22884,0.028741873389198983
22885,0.10258103037179896
22886,0.700947088826789
22887,0.5022479836179321
22888,0.4368433663423787
22889,0.8177927334778301
22890,0.5930299613618423
22891,0.6289952570474427
22892,0.05451617767674047
22893,0.5351355523381256
22894,0.32392786994453987
22895,0.10442346692775446
22896,0.7847539636995513
22897,0.26865172919913205
22898,0.2790432535470059
22899,0.011971532413256911
22900,0.6144116127570947
22901,0.4768784538391867
22902,0.028550807809806816
22903,0.9239091721840031
22904,0.7474560612168354
22905,0.49137378586517455
22906,0.8639389350635122
22907,0.38067348306920107
22908,0.6641527014771884
22909,0.011678247102281132
22910,0.010659055480594874
22911,0.016191520499447123
22912,0.6095661916541552
22913,0.1175513240243921
22914,0.15977379030734393
22915,0.5750336916916072
22916,0.05350426919770928
22917,0.145970491179907
22918,0.010617407113182585
22919,0.4040765667746777
22920,0.00896432810193224
22921,0.9180553247371163
22922,0.07028557154168787
22923,0.4379380477798258
22924,0.016162274555102427
22925,0.6224396503071168
22926,0.2248838056915573
22927,0.09173020074323936
22928,0.5622439309166161
22929,0.014799099912816013
22930,0.70998266788055
22931,0.9010588769184734
22932,0.05583584257177173
22933,0.21903320298743356
22934,0.02333412240243579
22935,0.12286354391335669
22936,0.017351159323891998
22937,0.8250669981171457
22938,0.485519611681977
22939,0.028692210312961663
22940,0.06243441317928649
22941,0.5080599925319896
22942,0.8005020980490679
22943,0.0030789524626897865
22944,0.005503299945900394
22945,0.07375227078190408
22946,0.5777702281151631
22947,0.663934477049857
22948,0.03286945348796
22949,0.025120659114828765
22950,0.1650399205540994
22951,0.8124468102909647
22952,0.026953425984494638
22953,0.7677417127721269
22954,0.02136517153037908
22955,0.7257760735357256
22956,0.8272594504392461
22957,0.7509997409174152
22958,0.7146969382412971
22959,0.7838351064277957
22960,0.8590486221970363
22961,0.6857855711281976
22962,0.2221489647824859
22963,0.07575553020802318
22964,0.540532587639496
22965,0.5614446661794791
22966,0.31691212942632524
22967,0.019822058092240975
22968,0.12786109083950026
22969,0.4663130835427062
22970,0.7722253198853353
22971,0.2280699726518128
22972,0.4153479974373968
22973,0.8704487037700936
22974,0.6601076260230385
22975,0.03398317762102317
22976,0.6193347279876953
22977,0.440084288611488
22978,0.03107993289047377
22979,0.6935972078612701
22980,0.02943602480328161
22981,0.7180925431907502
22982,0.016014094799386473
22983,0.3632419260292332
22984,0.009509462135898419
22985,0.5570814804893436
22986,0.616932418301305
22987,0.006450134846409189
22988,0.03187400827121164
22989,0.010371679055982868
22990,0.11031811570277511
22991,0.006390727680873634
22992,0.05648203281251829
22993,0.6516741746241167
22994,0.0632412773037231
22995,0.5403014789510683
22996,0.015250743510682525
22997,0.7481783913416233
22998,0.0156744465882299
22999,0.0965141732832965
23000,0.4823308918014919
23001,0.721350188761845
23002,0.06402630737838019
23003,0.32760351711549673
23004,0.75534517720784
23005,0.06235180710894901
23006,0.724115866681021
23007,0.015950119647773417
23008,0.7973527336305983
23009,0.5881916290622689
23010,0.5809883798195474
23011,0.7834937953138438
23012,0.019091402224741913
23013,0.684920049222455
23014,0.012749538687172166
23015,0.6837913593410847
23016,0.6984776245504956
23017,0.7353036649805702
23018,0.7623169654679098
23019,0.01780428913519363
23020,0.0410472434314952
23021,0.563265730704543
23022,0.6313541182329631
23023,0.713248685417925
23024,0.6106682031991686
23025,0.80450460828967
23026,0.42521740071629843
23027,0.016637698311036328
23028,0.04190334321507649
23029,0.012715057566865494
23030,0.4831632454484382
23031,0.02811260658392195
23032,0.17620176325267928
23033,0.02674892447999618
23034,0.024751794161337274
23035,0.07090439947051742
23036,0.7467040750288587
23037,0.6518929382292653
23038,0.08254539827241517
23039,0.38239624386605453
23040,0.008066178664112602
23041,0.370893579135163
23042,0.6484346505972078
23043,0.03807932108629666
23044,0.3919924143427414
23045,0.19934218329531728
23046,0.3586743236213582
23047,0.008149705901817355
23048,0.5598587135446764
23049,0.009693671807851186
23050,0.03002585887818175
23051,0.029097692026003097
23052,0.19257998350241912
23053,0.016537036311703834
23054,0.022869323384860044
23055,0.017023999145441702
23056,0.8023984199499397
23057,0.008431301417332443
23058,0.3270520521165445
23059,0.017323050324469264
23060,0.8090737276207698
23061,0.4213003224530108
23062,0.576083057328904
23063,0.07301798184998201
23064,0.06482723946800151
23065,0.4404098474223314
23066,0.01147076556353879
23067,0.7721065117410251
23068,0.048787084907352896
23069,0.6028338937136316
23070,0.4609975050883208
23071,0.01659305753191442
23072,0.006467666033728576
23073,0.01578949255334366
23074,0.7152414301871683
23075,0.025210113583908435
23076,0.01399117826221512
23077,0.7501261352787129
23078,0.03880805731142838
23079,0.4517199031572877
23080,0.6347075558981772
23081,0.46176403515535286
23082,0.05808821064531899
23083,0.6131783364292098
23084,0.04631957376083783
23085,0.3529206271036338
23086,0.5451186830953717
23087,0.3366259086483919
23088,0.3936431029216322
23089,0.6726161701716888
23090,0.4034965107347077
23091,0.009576954736503178
23092,0.7779425621774547
23093,0.2692242699992027
23094,0.019322232518000727
23095,0.013508550340625446
23096,0.5891877451562456
23097,0.007151189398892369
23098,0.017456890006784066
23099,0.29661531044086553
23100,0.43607727951059216
23101,0.297676729445331
23102,0.07655726635623775
23103,0.18365513216148782
23104,0.01245595882857481
23105,0.7014066714840619
23106,0.017284771129376843
23107,0.02028846647915039
23108,0.006135936889502304
23109,0.013299871160510453
23110,0.08124043212735743
23111,0.5905939273150548
23112,0.7208758964973926
23113,0.01610929381209056
23114,0.8674455257314366
23115,0.013235780579610078
23116,0.01031787967826607
23117,0.5064346410388959
23118,0.025266372940225393
23119,0.031282220921965725
23120,0.040079083290493464
23121,0.10560838784601195
23122,0.018084465996542627
23123,0.014339281769463889
23124,0.37930762828749487
23125,0.01085751352565285
23126,0.015023288734872329
23127,0.7170837472712361
23128,0.5797830060375314
23129,0.4657683891105716
23130,0.7074079572738805
23131,0.6876015096190761
23132,0.768994073096033
23133,0.010607014915715965
23134,0.2180351873702659
23135,0.04485272115519189
23136,0.14738995071692626
23137,0.7239847974773616
23138,0.7046399955057853
23139,0.6093076473629029
23140,0.4817518490663897
23141,0.13144110289718083
23142,0.011036539064831591
23143,0.00938265392136323
23144,0.7068339423963904
23145,0.5208866532502302
23146,0.021824737744576526
23147,0.03341928601770668
23148,0.5324834589226053
23149,0.7068731448293879
23150,0.020197467063485824
23151,0.44913916676811805
23152,0.008337313833245423
23153,0.46098515768667425
23154,0.4190586486580471
23155,0.014847250327786176
23156,0.6830858850390511
23157,0.007959335765548923
23158,0.6385992039738464
23159,0.7603937418349481
23160,0.4590681418247743
23161,0.008765223188824015
23162,0.6740612885335544
23163,0.31831030580320957
23164,0.6087432398795501
23165,0.4010882209250495
23166,0.4458002851697273
23167,0.017947031078510207
23168,0.5216170339642655
23169,0.37474997594546955
23170,0.5005318784668241
23171,0.048660789439686554
23172,0.8247394723317547
23173,0.03766163448115563
23174,0.06290033599553897
23175,0.07489033122277892
23176,0.5393724644582645
23177,0.025793926594957044
23178,0.025059772376619095
23179,0.7838424438264572
23180,0.2600074116594263
23181,0.5905433333231361
23182,0.2565248132660673
23183,0.22767965177773403
23184,0.016829740778832113
23185,0.4485626157160587
23186,0.7574767468002768
23187,0.01243960018458293
23188,0.756088052323427
23189,0.46465072542668606
23190,0.9315837463135757
23191,0.2651737204670025
23192,0.02463779722359327
23193,0.6498992966677666
23194,0.7360596809827058
23195,0.5452957635587096
23196,0.18513105580709638
23197,0.3995471259212059
23198,0.5336653217005112
23199,0.02327370514056618
23200,0.5413736597184758
23201,0.36680774938980076
23202,0.38052722930574984
23203,0.44276477647121
23204,0.017630648069058986
23205,0.0119908297445566
23206,0.703947274898902
23207,0.7986324202411653
23208,0.014508932375819107
23209,0.40563110437431693
23210,0.02525973918729998
23211,0.7201773402514233
23212,0.8371187554214813
23213,0.012131932715445565
23214,0.5132338165780834
23215,0.3572141406397606
23216,0.5358867455202974
23217,0.43800900660659753
23218,0.5879185500964208
23219,0.45152865719392377
23220,0.3497039381347297
23221,0.01404869091755831
23222,0.007223590158252398
23223,0.011594088188007922
23224,0.5493668761305643
23225,0.4613255878194712
23226,0.045229358154429744
23227,0.01448517060834869
23228,0.3161047489265216
23229,0.009373872749223067
23230,0.6449972727769233
23231,0.6849059846710874
23232,0.35714858922271564
23233,0.4754216377867768
23234,0.005877393728325084
23235,0.49948427203992785
23236,0.030829489516800868
23237,0.4919836206797965
23238,0.5924096960588069
23239,0.65584590194981
23240,0.020784782514438473
23241,0.015952959196676397
23242,0.5199470367331124
23243,0.5024894614093993
23244,0.035474634736210674
23245,0.32071730516491154
23246,0.4764386112476221
23247,0.5973492900236769
23248,0.11328051727824702
23249,0.008707184853794792
23250,0.0250404607427308
23251,0.012580346344715491
23252,0.7211789311701802
23253,0.1823680381630485
23254,0.6277569437606579
23255,0.07339719196213487
23256,0.02725242851226127
23257,0.0286950723606926
23258,0.776239183841865
23259,0.007715434891826765
23260,0.27897468407072556
23261,0.34353527098002806
23262,0.04779768438031084
23263,0.1501761769012941
23264,0.657478163375136
23265,0.017078351355681302
23266,0.5920068264727507
23267,0.032925269021560184
23268,0.7194856556642804
23269,0.03930854899932291
23270,0.012239184367156934
23271,0.0449952993121786
23272,0.05334811165772444
23273,0.04520063335985969
23274,0.01492388801218237
23275,0.023713002445407833
23276,0.666512858186328
23277,0.6558252196689843
23278,0.034947678703558145
23279,0.7323842289901964
23280,0.31902254566813015
23281,0.026389235067060528
23282,0.23115022399080926
23283,0.020550485650743276
23284,0.2492490015738671
23285,0.15919069230896304
23286,0.6039209971528924
23287,0.5002729842092938
23288,0.8041900688727608
23289,0.029041316591878676
23290,0.7358451653043551
23291,0.01831034675534559
23292,0.4767046207069675
23293,0.03881094782128824
23294,0.12569838888145612
23295,0.38573041728763735
23296,0.3342176729842833
23297,0.6567713970776531
23298,0.3094575153954144
23299,0.8153623704404569
23300,0.3620709026503405
23301,0.34395430696981044
23302,0.4599819096060865
23303,0.014797760964673765
23304,0.01005803988697754
23305,0.02380380315908879
23306,0.038802194345399124
23307,0.5164398904678402
23308,0.15713134101735243
23309,0.5717872788580025
23310,0.7354163718007044
23311,0.007076334345066446
23312,0.0074992238493626195
23313,0.30321137737705617
23314,0.828058732805933
23315,0.5962465671487412
23316,0.6856409592712375
23317,0.361811138244319
23318,0.007625919029552847
23319,0.3367124916315886
23320,0.10560405144821364
23321,0.03105727352553168
23322,0.7448305137304236
23323,0.6661673402848524
23324,0.6721416553771138
23325,0.37766267434059553
23326,0.6749830611709275
23327,0.7330207763333474
23328,0.18134257778468282
23329,0.012609150168973439
23330,0.4008392533316737
23331,0.6261565138865085
23332,0.6466785357737872
23333,0.4806797909408399
23334,0.46490987613982165
23335,0.03060850963677168
23336,0.03848346674242724
23337,0.33062164652380993
23338,0.7054773034664199
23339,0.559441022023348
23340,0.010962835939729007
23341,0.5784375608534236
23342,0.8633507116144572
23343,0.01583730778590446
23344,0.0140261803502441
23345,0.5122947825661023
23346,0.6501799623007009
23347,0.8096246856263465
23348,0.6877547510723097
23349,0.039013696139278846
23350,0.7563510851187059
23351,0.41710400247042784
23352,0.40748361276183936
23353,0.025702010458288176
23354,0.009887676562661742
23355,0.787818667227994
23356,0.8418232326277523
23357,0.7771745701189825
23358,0.005865600983755987
23359,0.039752285322161664
23360,0.6614966926961325
23361,0.8474915687712231
23362,0.05388962863101422
23363,0.022558498542653488
23364,0.016166293078385897
23365,0.20915221798622383
23366,0.007876396064653025
23367,0.16112532356624015
23368,0.7729248741177759
23369,0.014599158550494016
23370,0.6062863960433108
23371,0.7950652625423863
23372,0.6909129779737332
23373,0.509108428323359
23374,0.008603056986186967
23375,0.7095432309830546
23376,0.5799478412026651
23377,0.623250651200572
23378,0.0236935001378262
23379,0.640276964120229
23380,0.011547192681960194
23381,0.09447572289449005
23382,0.5737966053607995
23383,0.6774239848023549
23384,0.5497339444462961
23385,0.8229389842019614
23386,0.017523517483984268
23387,0.009764784762302631
23388,0.6136895922386736
23389,0.6012623023380232
23390,0.4589504112526817
23391,0.6563654109587468
23392,0.016449824829051843
23393,0.16475510844634977
23394,0.09292209499733745
23395,0.01878405309573367
23396,0.3036216000828248
23397,0.024373084080441525
23398,0.11211239925145376
23399,0.019123282683482273
23400,0.026203339205923697
23401,0.7875671361946767
23402,0.5544426769612121
23403,0.7100525638322797
23404,0.7360794995741302
23405,0.32762183840467474
23406,0.5808395034301226
23407,0.45666149600234474
23408,0.5102465526551416
23409,0.14182901208006962
23410,0.01077436888628047
23411,0.48032983665708767
23412,0.007568615504459689
23413,0.041972392696274265
23414,0.1628710199324448
23415,0.7683389939855969
23416,0.05365863820375438
23417,0.03859249446327896
23418,0.5263522717466176
23419,0.5411828890337186
23420,0.4450955853813681
23421,0.009400278041127377
23422,0.00663169386868208
23423,0.016590382702808396
23424,0.02452969213073954
23425,0.42556452399479594
23426,0.5735693929626433
23427,0.8185979817067084
23428,0.5689285032193254
23429,0.019496540709753728
23430,0.6232472471880747
23431,0.5358594529372445
23432,0.7129901736528573
23433,0.7814797608298233
23434,0.40324457694578464
23435,0.03507663315002574
23436,0.47210401350056974
23437,0.00670628353510852
23438,0.7304243278658156
23439,0.5551540959599032
23440,0.01379734331584011
23441,0.4926099309458456
23442,0.4107781527569109
23443,0.6593006481408406
23444,0.6267662001631396
23445,0.7585803916221066
23446,0.2886949074850128
23447,0.02789801544477647
23448,0.49763841288005994
23449,0.010833715564924174
23450,0.41465008744312254
23451,0.584735121708481
23452,0.3142709097349846
23453,0.011101818611964576
23454,0.7410034686445546
23455,0.6261794904052413
23456,0.008272598819385888
23457,0.28977095238062156
23458,0.020604235118193343
23459,0.030398553983614213
23460,0.06640208105358161
23461,0.48362281965730824
23462,0.051798458742558715
23463,0.016208900854147203
23464,0.3801697628650777
23465,0.014511495763711515
23466,0.022813617797649042
23467,0.47115545700074585
23468,0.702157686917579
23469,0.20310315132727882
23470,0.02740104792590095
23471,0.3500225283986434
23472,0.13304981258565696
23473,0.4522152176222496
23474,0.522125999253107
23475,0.0214939382797183
23476,0.6492078573919804
23477,0.5556261335075448
23478,0.2383508560285245
23479,0.036792875778685986
23480,0.01587293106860435
23481,0.36535826999344156
23482,0.8475649175720059
23483,0.4536431758671007
23484,0.5169457520923786
23485,0.01780185646736662
23486,0.5454842034330906
23487,0.007808954446343819
23488,0.8288435485028226
23489,0.25565939657495673
23490,0.5275509166438332
23491,0.005654451849903309
23492,0.6486098761158612
23493,0.611554962076213
23494,0.039871448535881066
23495,0.015782968454137434
23496,0.011142423599002986
23497,0.7067996290995465
23498,0.02326504832761976
23499,0.05399626360867997
23500,0.029402894585402906
23501,0.5463468860699199
23502,0.42745063530687666
23503,0.006834142947076503
23504,0.02391738489256752
23505,0.5823165449180273
23506,0.005588505267426582
23507,0.2311030266231283
23508,0.6631575298087551
23509,0.35437690254288495
23510,0.5108631518260782
23511,0.3917983214729991
23512,0.03721489004963119
23513,0.1666244851089621
23514,0.04619175013313696
23515,0.4179752679293174
23516,0.010324411258143606
23517,0.38470998931123795
23518,0.3386225140329785
23519,0.3676739518919644
23520,0.011562623614638706
23521,0.4904854209043245
23522,0.40892700685793887
23523,0.050292004893515915
23524,0.5503572866798067
23525,0.01897472198619098
23526,0.40305131461651655
23527,0.5766937979170071
23528,0.4146019315170793
23529,0.0645468187532149
23530,0.014402265726167828
23531,0.555602643799409
23532,0.5627801391036652
23533,0.1514660849061194
23534,0.2959838313486258
23535,0.034965523315275235
23536,0.005309642874590122
23537,0.7082326050609572
23538,0.5093814972836057
23539,0.564942326782316
23540,0.015084696082747442
23541,0.7346515417587876
23542,0.34004255240071896
23543,0.23999587201552502
23544,0.008773858555538834
23545,0.02990297577528277
23546,0.3928745445345363
23547,0.22468213184416014
23548,0.018162774193072464
23549,0.6100601975413766
23550,0.7423440861724333
23551,0.2643803766922939
23552,0.05518012972748988
23553,0.6933640746396437
23554,0.5777607249341548
23555,0.0146820157488954
23556,0.02476620986825387
23557,0.27254110074915305
23558,0.30341582857495364
23559,0.7408237470417217
23560,0.24248968477648725
23561,0.009268498109778051
23562,0.3402645786107186
23563,0.636491140976371
23564,0.28123307473685455
23565,0.01750070020267756
23566,0.08741608548720563
23567,0.007439951207535267
23568,0.2675174933252799
23569,0.3311965017597949
23570,0.8685467674563615
23571,0.5416880388725585
23572,0.5573481591547538
23573,0.6093923149023245
23574,0.3950701312642609
23575,0.23517014490482266
23576,0.40690475678623644
23577,0.5266221963464879
23578,0.25098326835862955
23579,0.5730143038582926
23580,0.01623028792993507
23581,0.6911051518920373
23582,0.02135185852911204
23583,0.02290727609498272
23584,0.3865872136449599
23585,0.007924967745128075
23586,0.6371200163969373
23587,0.5694285223024217
23588,0.7850240677567741
23589,0.4834211986104617
23590,0.6677109406797948
23591,0.015184140124818096
23592,0.7746780295793164
23593,0.2678379450429822
23594,0.4948056787645553
23595,0.27006243494672877
23596,0.038072597655604064
23597,0.523159552822417
23598,0.4341924506285067
23599,0.5175493960113839
23600,0.12188419636678714
23601,0.47850640706878916
23602,0.1442144951744305
23603,0.5990605707267392
23604,0.29746874197139606
23605,0.7841918373245194
23606,0.14251363132836517
23607,0.04881728309589019
23608,0.011809248329224907
23609,0.8033087188242088
23610,0.05155250041126221
23611,0.8512268445016722
23612,0.01973948279263614
23613,0.3225314675994578
23614,0.04635364194066699
23615,0.006128711937274089
23616,0.12091387519811936
23617,0.3177806202510196
23618,0.01237204163284052
23619,0.7650279042382997
23620,0.004688028393546829
23621,0.005440505557172567
23622,0.45967825516564104
23623,0.7103232825324408
23624,0.23404956249779507
23625,0.03672795800484717
23626,0.3905432683990175
23627,0.5722983167768567
23628,0.7473987078821078
23629,0.7629803798314843
23630,0.006080517714386328
23631,0.4077789556829403
23632,0.058988479960791464
23633,0.019111000958859335
23634,0.05079188168336575
23635,0.3300265592486844
23636,0.01433102437372483
23637,0.015454679401462206
23638,0.013256264169704612
23639,0.19821003223776967
23640,0.008512317410789281
23641,0.021990451372917868
23642,0.8724950004377435
23643,0.2091691382502625
23644,0.4093972578107386
23645,0.788013893646557
23646,0.5936433528812132
23647,0.3376806737992901
23648,0.027369272815116228
23649,0.3509157924347389
23650,0.6422650408187772
23651,0.24713311482068734
23652,0.28957528787426406
23653,0.019709768777389388
23654,0.49227494178134623
23655,0.6362376959337203
23656,0.3519294646234429
23657,0.3662171411709255
23658,0.7967802117423635
23659,0.011724115121631332
23660,0.008689538988104751
23661,0.6033014121444772
23662,0.5641547550245654
23663,0.47644376500811814
23664,0.43088937010689876
23665,0.006650720228839124
23666,0.022082577322030172
23667,0.24841178007263198
23668,0.49706590817111906
23669,0.024205188227574736
23670,0.011809207805157582
23671,0.02958659071772515
23672,0.02066504344881267
23673,0.6526221254114657
23674,0.030235761069511466
23675,0.08766497873033428
23676,0.018510654675850502
23677,0.7627001158926887
23678,0.42825833739656327
23679,0.5148507714235158
23680,0.2888081709586131
23681,0.04175785108011158
23682,0.537304939811653
23683,0.4792691743324088
23684,0.39658995638739764
23685,0.021392496842714243
23686,0.10469582102765085
23687,0.5208526272282812
23688,0.475385774891827
23689,0.632317805371515
23690,0.8344062321943728
23691,0.023603091188770995
23692,0.4358000112744407
23693,0.830298031012951
23694,0.6431648484746578
23695,0.5417771612930069
23696,0.39055497272190315
23697,0.8017079161574463
23698,0.014804716750728105
23699,0.05839244824296554
23700,0.01932913984311069
23701,0.6714277476984736
23702,0.7679716376418274
23703,0.794415733959273
23704,0.8267930539392094
23705,0.18038645600882094
23706,0.5055558856719318
23707,0.02433172107771729
23708,0.29621943201151146
23709,0.006865403273722965
23710,0.013178574168821016
23711,0.3154267367670918
23712,0.04493820416007638
23713,0.39125026983459266
23714,0.40378071463471626
23715,0.6239686875991006
23716,0.20142728372625548
23717,0.3713012163566154
23718,0.011128458373704544
23719,0.02775319608279005
23720,0.013869160631221051
23721,0.019481298231967523
23722,0.44379734032085555
23723,0.5983869131188319
23724,0.7278972186585051
23725,0.5115564299745835
23726,0.5714948812406392
23727,0.1287165045404676
23728,0.32283466439699315
23729,0.0359486829588345
23730,0.737417242608626
23731,0.028589384548784444
23732,0.337478966790864
23733,0.4758666966018168
23734,0.00944854646340601
23735,0.36264683228768824
23736,0.03566598309803347
23737,0.052605379199252914
23738,0.30567330596984243
23739,0.771789767248324
23740,0.013699794488081844
23741,0.03149522754862732
23742,0.012408223943497776
23743,0.80716770184091
23744,0.009053702568950753
23745,0.01764019489818211
23746,0.008604449121262622
23747,0.10592434064828166
23748,0.6108721196262412
23749,0.36984265454012544
23750,0.5146580096466227
23751,0.66467428570438
23752,0.01552948555288694
23753,0.030045500864128296
23754,0.5683388784868559
23755,0.0248475672385489
23756,0.1929466654120742
23757,0.6229175428246873
23758,0.0858306737931847
23759,0.48635172005847843
23760,0.817899632460984
23761,0.5163180669233981
23762,0.02276461880733519
23763,0.015842391316599622
23764,0.6868095833637066
23765,0.3464040374656385
23766,0.007177121526700083
23767,0.5984088751618679
23768,0.1486937358212097
23769,0.017906188399240585
23770,0.02516520139443506
23771,0.6225096811422611
23772,0.042858222984965805
23773,0.04291769003192871
23774,0.6736599031498925
23775,0.02248213823753071
23776,0.25267531207651706
23777,0.3259948998513572
23778,0.659688348706882
23779,0.8112954386207285
23780,0.8103451685915235
23781,0.028149284137564783
23782,0.7649636828460609
23783,0.41430850068272
23784,0.7274025578604713
23785,0.551819700146145
23786,0.8570138023434779
23787,0.005097266645570455
23788,0.7245172620058603
23789,0.4441198031729983
23790,0.2859368573941021
23791,0.01974836421358393
23792,0.6553563213664344
23793,0.21596029872699632
23794,0.44526799507508497
23795,0.021597939419701628
23796,0.3737735302385976
23797,0.014103697777408136
23798,0.014341040475953413
23799,0.6486294249373996
23800,0.34759633343535934
23801,0.6035922048494412
23802,0.009288869628550087
23803,0.8784639362213656
23804,0.35185621676678036
23805,0.7177439199086066
23806,0.3372135428383955
23807,0.8315982187871368
23808,0.011761342765746573
23809,0.026347394759897832
23810,0.8573797203544467
23811,0.6435648928959002
23812,0.49291637258185955
23813,0.016711458147996416
23814,0.05981414343856094
23815,0.4448003280808984
23816,0.00967775815298672
23817,0.05802683896502964
23818,0.2824548747193189
23819,0.6425398408087399
23820,0.8402952421871828
23821,0.44066890864058184
23822,0.028436908070677412
23823,0.5846133225823639
23824,0.306071817717963
23825,0.8245749797433588
23826,0.33006324977381807
23827,0.09896814977023234
23828,0.014694171737955303
23829,0.07109204035875995
23830,0.015123250833639022
23831,0.7192316786350493
23832,0.008818784806016193
23833,0.4392844979263766
23834,0.04921699015302547
23835,0.004564310018594347
23836,0.3583293041228552
23837,0.011418276833771642
23838,0.5558591795988048
23839,0.010595630215843326
23840,0.6787832952967179
23841,0.024518221433336613
23842,0.5474487834107199
23843,0.630016378365291
23844,0.8274736678799303
23845,0.4139140592166802
23846,0.1294302431137825
23847,0.048868560400029334
23848,0.4932167498687648
23849,0.16082650540283544
23850,0.7724680436426807
23851,0.3402075524066392
23852,0.520886826158794
23853,0.5446588884847863
23854,0.0314020325220416
23855,0.6900761461450573
23856,0.6331124305944789
23857,0.15405582846395452
23858,0.26219242943878285
23859,0.013540119788133386
23860,0.7284703568275207
23861,0.00813601283788947
23862,0.030317579282507112
23863,0.2985128988798419
23864,0.137539430018674
23865,0.5640840313942604
23866,0.03921200725922956
23867,0.011384129760998325
23868,0.6436535631404651
23869,0.30324069995587055
23870,0.718364106730239
23871,0.32572021543038804
23872,0.013401102968914292
23873,0.8408346916774176
23874,0.22819979645270366
23875,0.5536765785498466
23876,0.01527675911813961
23877,0.10599370770884883
23878,0.042242709514654996
23879,0.7539929844173041
23880,0.5381566014526766
23881,0.013780295617765947
23882,0.4412491407712391
23883,0.01651274712541082
23884,0.014618684595518046
23885,0.026218883368348937
23886,0.3698545567233452
23887,0.7354024649389215
23888,0.005173059200095686
23889,0.5288704868694327
23890,0.6412630119659017
23891,0.15940551022070082
23892,0.33520498871269533
23893,0.13020214111512807
23894,0.5465051121812404
23895,0.027716119891746188
23896,0.3620387241091235
23897,0.012622438281083882
23898,0.6493894817972691
23899,0.739614372862778
23900,0.033512048193619526
23901,0.29774463288064074
23902,0.4695572021359525
23903,0.6792154778538055
23904,0.008130382248581758
23905,0.6338956549665697
23906,0.3146970838564934
23907,0.40492339109550746
23908,0.010343808941956599
23909,0.6729429812598445
23910,0.5222985582476141
23911,0.09956312133874812
23912,0.06415578267937112
23913,0.017517189664458317
23914,0.7679772146989132
23915,0.07293945013716414
23916,0.6038713945978987
23917,0.027764926856501046
23918,0.04798594638926037
23919,0.63308607129188
23920,0.8546974458301811
23921,0.5692163981319376
23922,0.5408461839975386
23923,0.7470807939133989
23924,0.014143193997102219
23925,0.7028607081021935
23926,0.33492520180112256
23927,0.026924772254570798
23928,0.5167635063463478
23929,0.010008010132490646
23930,0.2457709266033687
23931,0.7076427614785754
23932,0.006318632872594149
23933,0.016836337624170947
23934,0.02121655138483366
23935,0.6487450612604384
23936,0.26121106822869694
23937,0.045322278323761706
23938,0.607155377076488
23939,0.45289529476941903
23940,0.3825488007827892
23941,0.2940094519240272
23942,0.35948337443783174
23943,0.2995923674150444
23944,0.5460293343048239
23945,0.56942935894021
23946,0.7040352173451904
23947,0.24900354196416483
23948,0.07525409997788682
23949,0.6502912128353201
23950,0.6020765319556104
23951,0.010098120521424121
23952,0.6751811585586258
23953,0.030261207877608762
23954,0.6170972634253564
23955,0.07162835863837469
23956,0.41253963452151227
23957,0.6105144258540535
23958,0.4674244864514093
23959,0.1503541295190694
23960,0.6582236541844537
23961,0.8064525871275317
23962,0.0477762260887366
23963,0.37436567639445595
23964,0.04413927091426507
23965,0.7815231173758977
23966,0.7660568848894573
23967,0.23648109975909026
23968,0.5299551851544746
23969,0.3783295477862627
23970,0.31830685952082927
23971,0.018512868636574843
23972,0.22747829999797786
23973,0.7642368430254015
23974,0.5620841228055
23975,0.5868606450819417
23976,0.016601851386483707
23977,0.783832976144035
23978,0.5147472467687679
23979,0.5523878003779701
23980,0.03209563173620266
23981,0.043567782845850805
23982,0.0488948878242687
23983,0.2548438622867098
23984,0.034579933170099844
23985,0.803782329562161
23986,0.34968594399474356
23987,0.037785484702036
23988,0.6946293926134925
23989,0.08107262205235131
23990,0.01515085208564687
23991,0.009865079060197325
23992,0.012047267775638604
23993,0.3816463909797181
23994,0.017616800283920514
23995,0.02034888637552012
23996,0.88998376056739
23997,0.037011799594253325
23998,0.256542179062898
23999,0.01449693320051636
24000,0.870360086694344
24001,0.020640195316619186
24002,0.014353356453037395
24003,0.47490322526975826
24004,0.08249128196991072
24005,0.6852523577981422
24006,0.35408318972590636
24007,0.0873464391965615
24008,0.07080377732709708
24009,0.041287059944185175
24010,0.3077095896152184
24011,0.6192555329855292
24012,0.44376781277630273
24013,0.45489949293851484
24014,0.3065253763708948
24015,0.3810273636456726
24016,0.4215371474951806
24017,0.582606894923854
24018,0.5292229071288361
24019,0.012800779256940441
24020,0.027208290406295067
24021,0.6241494722682988
24022,0.21999175760606637
24023,0.7578518523061305
24024,0.038600632088021294
24025,0.5892466776360425
24026,0.433730606204854
24027,0.5366593411679349
24028,0.4039048997449262
24029,0.3378058179061675
24030,0.17751302894203802
24031,0.012885174306482129
24032,0.43845066037247066
24033,0.5875458848433441
24034,0.686949641904305
24035,0.4382849874047916
24036,0.27338112776258866
24037,0.28450188798060744
24038,0.00876298194353841
24039,0.06764379313678914
24040,0.41623514744908074
24041,0.2873492733050624
24042,0.023165113824626073
24043,0.44967067198948063
24044,0.019597647337014246
24045,0.8564858517597965
24046,0.03043631386256533
24047,0.6009477019872574
24048,0.4268638386640877
24049,0.4632558395069467
24050,0.3933187157318304
24051,0.2778565957445088
24052,0.5618618575172486
24053,0.46392172850529906
24054,0.18379050752078263
24055,0.2452909441794208
24056,0.012164410413120854
24057,0.5602863755923856
24058,0.13888320212075173
24059,0.014095215882789678
24060,0.519084177403127
24061,0.005805295160912551
24062,0.6850364148145169
24063,0.49847722965549396
24064,0.3950581120931244
24065,0.22205623755928097
24066,0.004761572847896694
24067,0.03654971206053588
24068,0.4601457294390502
24069,0.024082228039672988
24070,0.07660774246196926
24071,0.529324661251524
24072,0.03078106501022359
24073,0.5683603431238179
24074,0.6093321235960865
24075,0.01318355010706202
24076,0.313280278816342
24077,0.008966624200929564
24078,0.05380901422643489
24079,0.028466740256758424
24080,0.5944224248252681
24081,0.13632622790519253
24082,0.5257576622499037
24083,0.8078727623859839
24084,0.34289573460236117
24085,0.022264179951909553
24086,0.05672049662253237
24087,0.6011546503126499
24088,0.011722440522941451
24089,0.20101647671899872
24090,0.6606156189489029
24091,0.6660112418658244
24092,0.011048252207424938
24093,0.30904136491455675
24094,0.8060897104076242
24095,0.6654273574613512
24096,0.2700223602767355
24097,0.528303035063004
24098,0.26930910135182035
24099,0.023591625776651616
24100,0.6656202904668407
24101,0.7855484810417804
24102,0.026707375779542415
24103,0.4015424459074899
24104,0.374878295532043
24105,0.8644150148883953
24106,0.02266033100669515
24107,0.4252157650177101
24108,0.8205891565701765
24109,0.42078208060608996
24110,0.0063742744475053115
24111,0.6188610437423888
24112,0.7793838227691957
24113,0.4869031029347743
24114,0.2561824761633072
24115,0.0365385219546367
24116,0.02370677261287515
24117,0.6599016470254736
24118,0.4797332227894071
24119,0.4460144024420397
24120,0.7800370585854133
24121,0.00849473297069208
24122,0.010119481990748887
24123,0.038022099200477374
24124,0.0062433862030641975
24125,0.3831846256667943
24126,0.650084389511725
24127,0.5872383386722826
24128,0.5452416359988742
24129,0.007818477303724434
24130,0.46942271887819403
24131,0.14764595284661325
24132,0.31417768752295067
24133,0.02336525288462313
24134,0.1650236494758198
24135,0.7373479264490561
24136,0.7003585183530955
24137,0.07021840631346073
24138,0.6332888473011298
24139,0.6657047820673863
24140,0.5586923417814301
24141,0.07171030355099643
24142,0.02928151886455999
24143,0.004272713093320009
24144,0.29526194500676395
24145,0.5582670318497569
24146,0.6121536123869465
24147,0.3993492160594395
24148,0.508654041112907
24149,0.008332714045801085
24150,0.03621341718509455
24151,0.01952467112896175
24152,0.5222142688547328
24153,0.025030894268103527
24154,0.02206339569528243
24155,0.5940545450045618
24156,0.017062207179755966
24157,0.18831292514483958
24158,0.6916514776100763
24159,0.01264242726906037
24160,0.015202825829121016
24161,0.3901374280287363
24162,0.5541301011896524
24163,0.2365828238798509
24164,0.017870238908933307
24165,0.5417839840589627
24166,0.3403874321814839
24167,0.1125163053713
24168,0.6814195362068918
24169,0.2564029398653585
24170,0.01713325017615021
24171,0.016138337775238522
24172,0.040723578377859296
24173,0.6107381748057014
24174,0.5017125601297361
24175,0.353471199845124
24176,0.03074952674030077
24177,0.4272349447711936
24178,0.012036538842157114
24179,0.5636524630781535
24180,0.009166211755317701
24181,0.5206892168663756
24182,0.009427283567629037
24183,0.3817672161631035
24184,0.5186054480274342
24185,0.014530660455050349
24186,0.433842014086441
24187,0.19061787342667402
24188,0.7388161318711018
24189,0.33381174125854374
24190,0.02125500734209509
24191,0.7246197676160849
24192,0.16847703727220406
24193,0.5848244725638925
24194,0.43713042278241987
24195,0.6788266259010854
24196,0.010396463681960372
24197,0.30768843853976624
24198,0.6459294557471545
24199,0.02303385971896368
24200,0.5754455520120836
24201,0.6569858502770466
24202,0.2600456610789974
24203,0.011375232744062195
24204,0.022123257754275774
24205,0.5812279141379614
24206,0.2940556008380571
24207,0.020545942861468117
24208,0.11339307739189615
24209,0.034611250739917665
24210,0.7188356669382103
24211,0.010396985595811476
24212,0.011738499874098232
24213,0.5488617203511653
24214,0.4913619095862642
24215,0.022724627725193597
24216,0.706265476791863
24217,0.011270517245475868
24218,0.055785003374299494
24219,0.6013402687050061
24220,0.04877056173133379
24221,0.694943849304487
24222,0.8100728993722466
24223,0.7157419292169193
24224,0.651544252629895
24225,0.21398135456155623
24226,0.6312607298193877
24227,0.09681544490098867
24228,0.5274657528324452
24229,0.014273777843492836
24230,0.36431780000085945
24231,0.08772564951612408
24232,0.786099504312058
24233,0.01764182985696313
24234,0.11946355860729693
24235,0.6202234945545277
24236,0.8099957516445829
24237,0.02282041116948879
24238,0.418790219239076
24239,0.31124831034546385
24240,0.46673176159453383
24241,0.06034013474562655
24242,0.7005417499246547
24243,0.524338384506903
24244,0.027887718130098993
24245,0.1993359798738936
24246,0.01771548185009877
24247,0.10021541192478751
24248,0.2944058435562305
24249,0.6847577087268176
24250,0.0605076346783142
24251,0.4064397141593181
24252,0.4827574774477894
24253,0.709951061685343
24254,0.38261097911760966
24255,0.6860284819853403
24256,0.03706712548062847
24257,0.2123398030867928
24258,0.4791003703053669
24259,0.3019098968081357
24260,0.35607744825707693
24261,0.007486594743866166
24262,0.05742939973629653
24263,0.00930326190812144
24264,0.3305857759643151
24265,0.008024165355941477
24266,0.1525710680043149
24267,0.2440271596847063
24268,0.07138216625688087
24269,0.5379769077510581
24270,0.004411364758931104
24271,0.010552938035088761
24272,0.6090668575942899
24273,0.44763043844165645
24274,0.397262285776115
24275,0.5046604126018097
24276,0.3133999668049048
24277,0.3727385014132237
24278,0.01669121665179518
24279,0.47734813852681557
24280,0.85521303444156
24281,0.6597605098773283
24282,0.3763631013543354
24283,0.7532677141630935
24284,0.8239782697194474
24285,0.7649391129881673
24286,0.37913605414600277
24287,0.712041383171248
24288,0.5564257409058873
24289,0.2047200175078083
24290,0.579231394255345
24291,0.03714092920392327
24292,0.40745232377381224
24293,0.7229904720708937
24294,0.6158757435203761
24295,0.7132752562616634
24296,0.46412268387738687
24297,0.47703211448827937
24298,0.3117749910173656
24299,0.630737178179468
24300,0.6965770277378353
24301,0.6183093343119702
24302,0.0072658704143429755
24303,0.14128473597255814
24304,0.20131664901586532
24305,0.00924087440419949
24306,0.1416809546454183
24307,0.007271291851766289
24308,0.4867837003859941
24309,0.03350108745538999
24310,0.006529695549859772
24311,0.022264328410758767
24312,0.7124657055151697
24313,0.24722832087769342
24314,0.4485735043110352
24315,0.057428142503191434
24316,0.6305316108449198
24317,0.60971907669312
24318,0.06432044976450645
24319,0.23115319033906973
24320,0.03261636026803221
24321,0.6416335741728222
24322,0.0594689521779502
24323,0.11886310734390985
24324,0.5315809209768443
24325,0.07990159006815258
24326,0.674759487232137
24327,0.8821425591038976
24328,0.024113509954580628
24329,0.2653938152954831
24330,0.7216101626943177
24331,0.6257668606581815
24332,0.04566884358145087
24333,0.7939325602313507
24334,0.013576941308704548
24335,0.03171258775819377
24336,0.6527639140526779
24337,0.4592261883095611
24338,0.16254798447611385
24339,0.6938600365813687
24340,0.0051366056625882705
24341,0.4609730588428863
24342,0.09247197286523302
24343,0.24418728421967634
24344,0.0643313009408106
24345,0.21537922982235108
24346,0.8328213079220155
24347,0.735635301795746
24348,0.6277061705587899
24349,0.7429501786757353
24350,0.6163898182655224
24351,0.010326901553947719
24352,0.008993643878199776
24353,0.015317984071368335
24354,0.10063725305698978
24355,0.019032767863522697
24356,0.06070097199949702
24357,0.7244767405600978
24358,0.009244668381483169
24359,0.6597993764715044
24360,0.6156643774655284
24361,0.8423866488985048
24362,0.6151184056335576
24363,0.03620540755367861
24364,0.043359544036537606
24365,0.4982353736967939
24366,0.04520153463552645
24367,0.008098665720083695
24368,0.7570433451436657
24369,0.3662380122135833
24370,0.257723990081422
24371,0.4957789229977838
24372,0.7650475555418865
24373,0.6081300366727547
24374,0.797971004594566
24375,0.3965499812599471
24376,0.37189417764096055
24377,0.5368676577040258
24378,0.011168811467131516
24379,0.4043968086838736
24380,0.02095468923822794
24381,0.4285416658271103
24382,0.19300412428666322
24383,0.029059193003459195
24384,0.1488518759959585
24385,0.3367705877763337
24386,0.035357830783594564
24387,0.7019063873533103
24388,0.585233437846362
24389,0.692277261956999
24390,0.817176168962632
24391,0.7620250796057642
24392,0.02568892691461062
24393,0.737538152812811
24394,0.3812651537272759
24395,0.006613476672721096
24396,0.8254223653959534
24397,0.7541952869588777
24398,0.49684258199751075
24399,0.039266773067900294
24400,0.8457137400879807
24401,0.006381993802764252
24402,0.4192686502005442
24403,0.0478671150085953
24404,0.28739066821649
24405,0.6323368942860645
24406,0.4365425082919464
24407,0.013079704441190745
24408,0.018834344612487654
24409,0.6107314694427982
24410,0.026152078211957187
24411,0.44815920386262625
24412,0.018922276071392356
24413,0.36159162762879316
24414,0.035983007606790005
24415,0.09543428258072464
24416,0.6279746612343444
24417,0.1925754696735471
24418,0.06112202323964112
24419,0.022515945930427283
24420,0.6129520108280305
24421,0.3492250875060633
24422,0.8204969161700846
24423,0.08067824298118906
24424,0.009528776863331574
24425,0.26597705764921004
24426,0.39180818554508307
24427,0.43295241417155017
24428,0.33121352137436033
24429,0.549927027670454
24430,0.6444387804854464
24431,0.5650248694068374
24432,0.629559267510003
24433,0.09047205330540711
24434,0.8043476749158948
24435,0.032968998873351446
24436,0.035020273353845124
24437,0.08501918127641211
24438,0.28598288838307506
24439,0.44567339861745253
24440,0.009173306467724567
24441,0.022177732471959557
24442,0.010145654510871377
24443,0.8393049687233965
24444,0.41099605712049164
24445,0.23516240412701012
24446,0.2732223294813973
24447,0.7470435333938302
24448,0.15548092277707232
24449,0.5653303680168784
24450,0.7183668003310382
24451,0.39507686024551014
24452,0.3765361476733891
24453,0.7202398487845856
24454,0.7481778673843539
24455,0.30722461311013793
24456,0.45140295777844297
24457,0.3723446673935177
24458,0.761919040723205
24459,0.5716270628097605
24460,0.2995382942838631
24461,0.6982247858136231
24462,0.0072229159080085484
24463,0.04164951646800208
24464,0.018392883884456177
24465,0.6485543097152675
24466,0.01795288529481926
24467,0.016156932365643212
24468,0.47898298941537526
24469,0.8355527523405433
24470,0.020115728565683274
24471,0.5133820446534214
24472,0.3906854659919296
24473,0.03416923391566615
24474,0.1440835964056599
24475,0.2513703513159304
24476,0.009532176203554437
24477,0.6595715429288718
24478,0.8505907026399092
24479,0.6573905674272488
24480,0.46473614522316253
24481,0.01888562451264809
24482,0.5652897484071966
24483,0.2881503306481737
24484,0.33278385991636156
24485,0.565580050798336
24486,0.8372065404821476
24487,0.7968891470909818
24488,0.01011979621300936
24489,0.7314848062434054
24490,0.22278340820860573
24491,0.5884384588917114
24492,0.8612406083805331
24493,0.06337156015442984
24494,0.6182351846161218
24495,0.07833139785433224
24496,0.7947582153977859
24497,0.4392896808366848
24498,0.7520748584778093
24499,0.4949665512951643
24500,0.3627987806233699
24501,0.007515178125390508
24502,0.5758943864668745
24503,0.8099532762578135
24504,0.06920902028716966
24505,0.4123389542141418
24506,0.27168283477230104
24507,0.6651527401421551
24508,0.059429935790581326
24509,0.049071065247259134
24510,0.5692074698672881
24511,0.6506072965211946
24512,0.8539656737391592
24513,0.7192199199738762
24514,0.5918110854607259
24515,0.8008889365788201
24516,0.00685780357616275
24517,0.05884544754130961
24518,0.6989994048504382
24519,0.4226223923639517
24520,0.019770220282039126
24521,0.015977560649283462
24522,0.8453676061099603
24523,0.015089761493447967
24524,0.5017170131053683
24525,0.3597132732846285
24526,0.021556015935913664
24527,0.5213378866488577
24528,0.5834301912885975
24529,0.006490750653220148
24530,0.6822163567067918
24531,0.5741314507653585
24532,0.031805472989775686
24533,0.039004250967698835
24534,0.017225202513378522
24535,0.021447238646063595
24536,0.6598288537502791
24537,0.007647866356996047
24538,0.20376726525949326
24539,0.6019184266255251
24540,0.009448512915735563
24541,0.02043683838579259
24542,0.3182060820566014
24543,0.01173040356034761
24544,0.430335680443739
24545,0.28410585632321206
24546,0.6806532010378061
24547,0.5059456780845955
24548,0.00866125681661696
24549,0.008975678240287
24550,0.015864484714320587
24551,0.008919645433205281
24552,0.02615642983156494
24553,0.2525826837889444
24554,0.013305061844343609
24555,0.5462963362533526
24556,0.9149157980511828
24557,0.01629484554776286
24558,0.7490461796979707
24559,0.017441508540674375
24560,0.14524458890203418
24561,0.1648237303935632
24562,0.2499028343097312
24563,0.6270069060251311
24564,0.3893521242889518
24565,0.018336374832666757
24566,0.013100789070276512
24567,0.4802179563555075
24568,0.48129617592665075
24569,0.5460752849504857
24570,0.6564228730678291
24571,0.01629334707572405
24572,0.022940694373647992
24573,0.054532505420795116
24574,0.5784514337892485
24575,0.03921143787985956
24576,0.7735973747542689
24577,0.6143911706480051
24578,0.5705702816028767
24579,0.00526259901239981
24580,0.02230300064119297
24581,0.17625385116722941
24582,0.04541179284652219
24583,0.2689058593503223
24584,0.5944325940119183
24585,0.5041622089524007
24586,0.1075874843646632
24587,0.5961921505653622
24588,0.488364638988713
24589,0.009522558454572679
24590,0.432397918036006
24591,0.699694045370038
24592,0.4989259071789829
24593,0.40491027770774873
24594,0.4921345250895831
24595,0.017650595570981076
24596,0.010646089786420693
24597,0.021152549311941153
24598,0.016649473163251535
24599,0.7612604141323184
24600,0.43294641820259094
24601,0.006216746792075248
24602,0.004903490556287721
24603,0.4364036348491589
24604,0.022907765231551563
24605,0.0073069957595728145
24606,0.34396134478167983
24607,0.03992734757863649
24608,0.054031661973743
24609,0.24100959001322833
24610,0.16208800830401254
24611,0.4218885881697869
24612,0.7080484549939825
24613,0.04396162423121444
24614,0.016175503548828324
24615,0.5118740438075702
24616,0.1763074537444204
24617,0.6274617061279406
24618,0.763701765231627
24619,0.48225003698934604
24620,0.07124283490271391
24621,0.29422668914365424
24622,0.5080877967873355
24623,0.019331435356035917
24624,0.024794011904992638
24625,0.42452650434192835
24626,0.1517932799808335
24627,0.38524459110219933
24628,0.028874304656620713
24629,0.011243973248824717
24630,0.49595611812518703
24631,0.30639044131756954
24632,0.5148052241902815
24633,0.6426370364393187
24634,0.5739598085319922
24635,0.0243375606680803
24636,0.017080274863656
24637,0.16956098885904597
24638,0.6899644605852135
24639,0.3686767852471463
24640,0.00996376042857185
24641,0.4986438235055147
24642,0.14342776143221306
24643,0.01114384867616768
24644,0.18186092093009149
24645,0.02272140274222694
24646,0.8527267905014001
24647,0.2659898730263052
24648,0.562667377492825
24649,0.02397120780968632
24650,0.015059966975808622
24651,0.576272671632578
24652,0.5158465413751638
24653,0.7018545586328566
24654,0.044223547551950515
24655,0.40828138310265294
24656,0.20394333282460428
24657,0.018396456723944292
24658,0.022327044401657774
24659,0.029227661589509492
24660,0.6431807584906732
24661,0.6508132482207962
24662,0.02051837694981748
24663,0.34370138219176427
24664,0.6100779555462176
24665,0.07436495261267376
24666,0.597929519022067
24667,0.7683151316100315
24668,0.012060141210279901
24669,0.09003045152927028
24670,0.7458469918537484
24671,0.00466118088369852
24672,0.49757129575258835
24673,0.014524384431604996
24674,0.017501479092372804
24675,0.8512726206279124
24676,0.8093570466689753
24677,0.021164800010014
24678,0.025518427218802653
24679,0.3026215700281168
24680,0.801593906784016
24681,0.8938189297562908
24682,0.010385667143285503
24683,0.02628225932099034
24684,0.5529637857594111
24685,0.030944092871468043
24686,0.07870340050453217
24687,0.18762085741039972
24688,0.02334638989941426
24689,0.9088657392760446
24690,0.8255797871147031
24691,0.8289244327056463
24692,0.6584624755374864
24693,0.12107907089540833
24694,0.46623054235319344
24695,0.02835117801210601
24696,0.04309849250412223
24697,0.2660444845486376
24698,0.06113909952123353
24699,0.02353123284463881
24700,0.5852557402150734
24701,0.5138664309282222
24702,0.024191813707724445
24703,0.6964470598558169
24704,0.680396732128542
24705,0.42797252931856145
24706,0.12249155190159365
24707,0.01545043294246853
24708,0.42723720328952836
24709,0.02262067707881698
24710,0.1079494418559866
24711,0.225850242178941
24712,0.578328822864413
24713,0.47269293017247827
24714,0.010366593708085719
24715,0.022454437896630763
24716,0.007902258262388358
24717,0.47844711619899727
24718,0.7727628774186229
24719,0.7540704792630807
24720,0.6976096017867649
24721,0.5327163380810123
24722,0.09923141964262396
24723,0.04749273534123703
24724,0.00943928836354906
24725,0.25303967300510904
24726,0.14629384239558998
24727,0.032805391569577805
24728,0.014639147638491232
24729,0.2430962822086455
24730,0.029113494666927538
24731,0.5991160004958636
24732,0.6158786759189221
24733,0.07722649552056898
24734,0.45796176781161635
24735,0.02648839394581218
24736,0.4628026007845141
24737,0.008721313105395175
24738,0.5991047698686709
24739,0.12074558857184434
24740,0.2431971520073538
24741,0.02671991106804648
24742,0.015162768541620965
24743,0.72825725264744
24744,0.037005209925712976
24745,0.7624129190723459
24746,0.5288818319804554
24747,0.02064491510199274
24748,0.4098648290281998
24749,0.4713634429968681
24750,0.12091811003834116
24751,0.7683761102784818
24752,0.5007342288866082
24753,0.7191280428600153
24754,0.038846232820970175
24755,0.027384148571089457
24756,0.1928326339065767
24757,0.24470139112620157
24758,0.008175181993517796
24759,0.8276916050937291
24760,0.7712573128659446
24761,0.4452521495351459
24762,0.033890725131584656
24763,0.8133529950110012
24764,0.07538829851840298
24765,0.8384601877694497
24766,0.7935302038506995
24767,0.027973892142638988
24768,0.019599499900379652
24769,0.008496296082692801
24770,0.6144184091032797
24771,0.7090490750060807
24772,0.04488286558990555
24773,0.252553994270493
24774,0.5032817317405065
24775,0.6995732284539781
24776,0.022594599642463513
24777,0.09190218877309121
24778,0.030932044813604172
24779,0.03840421077581585
24780,0.34937842573277933
24781,0.8678023224431464
24782,0.46940031433922125
24783,0.3003179488153292
24784,0.5232770403509445
24785,0.43994168815753043
24786,0.26997307864562353
24787,0.5968610968054325
24788,0.1803790377317913
24789,0.1235679854478273
24790,0.016212666978359387
24791,0.03135028448598976
24792,0.014795502943448816
24793,0.007509936720329891
24794,0.441046858288103
24795,0.008544380898412753
24796,0.009327743578796973
24797,0.5534388904440288
24798,0.5863850074495014
24799,0.45936357989543464
24800,0.24571731737388375
24801,0.440630035603517
24802,0.11699138723577737
24803,0.013261336402612331
24804,0.3537673248644957
24805,0.01645214084544338
24806,0.6417535310412541
24807,0.009602937506960132
24808,0.028917179673980494
24809,0.014478119735147853
24810,0.014179127128751641
24811,0.4670020160048513
24812,0.0803121395163008
24813,0.5444671310913499
24814,0.05592423132802773
24815,0.009944730059370396
24816,0.29459463456638724
24817,0.31467386592560803
24818,0.18563365995638967
24819,0.09273405499249045
24820,0.5137118975665398
24821,0.012543288357652782
24822,0.07373317854165261
24823,0.013976050464496072
24824,0.6341365779687393
24825,0.7657192548106693
24826,0.7009104332355128
24827,0.8550584413470889
24828,0.4080308564063443
24829,0.3414424920037143
24830,0.737738400888744
24831,0.019526470320287266
24832,0.23049344869929145
24833,0.7373769029990758
24834,0.37701364184716024
24835,0.030723301269891454
24836,0.02506957709791291
24837,0.40777634111769806
24838,0.08733076570705117
24839,0.02253801723692995
24840,0.009826832160018726
24841,0.684741780467328
24842,0.811259325774362
24843,0.886763284612564
24844,0.6427672327480218
24845,0.020813156977160005
24846,0.06380418116092945
24847,0.06947779836381078
24848,0.004866971213137892
24849,0.014666090501364266
24850,0.544613099248631
24851,0.8791206120030215
24852,0.0165250339896827
24853,0.018365729105373256
24854,0.02891574256438019
24855,0.47175788136486396
24856,0.026508579681779065
24857,0.024313120921638027
24858,0.8752570601653542
24859,0.006851797510894238
24860,0.007772645913795756
24861,0.2678489733803148
24862,0.6420770130484696
24863,0.0068046227260135424
24864,0.7095654139191285
24865,0.08910717107512715
24866,0.2937055789566263
24867,0.438482118510969
24868,0.4663533856414884
24869,0.6824860960376211
24870,0.7546722383210429
24871,0.028601526002030846
24872,0.03721244016172651
24873,0.599617516462053
24874,0.21313995128113694
24875,0.5467427811952731
24876,0.01273457169852609
24877,0.005659889737955261
24878,0.39687379529554995
24879,0.419333470827164
24880,0.008478153194961693
24881,0.8117085190751444
24882,0.5489253998702681
24883,0.01307164982556189
24884,0.8042135414514959
24885,0.010879556626130217
24886,0.18432484590456855
24887,0.21105145895171587
24888,0.6294328030538695
24889,0.01149746773899495
24890,0.5253101339068676
24891,0.280703462541026
24892,0.008639645447009096
24893,0.3671028460723352
24894,0.0061076380246006205
24895,0.02954067856605696
24896,0.03820732696677364
24897,0.03496889560507182
24898,0.30913894825450966
24899,0.38033983179559233
24900,0.01606973721920507
24901,0.11178518209983328
24902,0.2137356688386154
24903,0.44465939829776585
24904,0.023339584546366282
24905,0.26459650793754785
24906,0.6189106431106091
24907,0.015553734893915826
24908,0.3347460311274733
24909,0.3680664954536198
24910,0.45409477222547096
24911,0.7941840494506377
24912,0.5019494602838513
24913,0.5622178729337468
24914,0.44379580167168786
24915,0.04853640782253625
24916,0.4526829186966396
24917,0.6699752675637741
24918,0.012624743939078033
24919,0.013711135630183603
24920,0.412258660082127
24921,0.015291534247207503
24922,0.86281552898131
24923,0.012068421628664063
24924,0.18721918313127706
24925,0.3989200038280181
24926,0.06890151592766026
24927,0.5935455013322272
24928,0.06776527840932683
24929,0.1627600965668402
24930,0.019167518104981088
24931,0.030445809156210292
24932,0.5685163387397518
24933,0.5804755228280245
24934,0.010089331708095957
24935,0.3918055928601166
24936,0.6965100289910784
24937,0.6540299755630701
24938,0.014534211189693494
24939,0.010163485880246025
24940,0.01620819782120559
24941,0.005873640064189176
24942,0.2609803985337074
24943,0.6577497428569222
24944,0.14499404591884518
24945,0.7584323289804814
24946,0.021418061042004506
24947,0.003860555790673556
24948,0.465290153527364
24949,0.0260289892208102
24950,0.4967680944657418
24951,0.7773035389704456
24952,0.7659368357589504
24953,0.5731997683094996
24954,0.4471933738944417
24955,0.0916459038615439
24956,0.7970610225850101
24957,0.7002920001135822
24958,0.012437303499763649
24959,0.31073035206816924
24960,0.5657765797420002
24961,0.4143401413901304
24962,0.6540240904323563
24963,0.022218070110742963
24964,0.1315402906162214
24965,0.7406527108344059
24966,0.04222535190745118
24967,0.5986314977357056
24968,0.7062143237894094
24969,0.05695432930654491
24970,0.7070002791315009
24971,0.03359032793632306
24972,0.324432056181164
24973,0.07291265188317037
24974,0.42318277117277103
24975,0.6160869836005259
24976,0.6195744509009365
24977,0.01288654672418235
24978,0.024217574586509097
24979,0.8223775557452895
24980,0.8001733921434848
24981,0.5706651568299439
24982,0.5171156875715824
24983,0.008618455319500192
24984,0.4549690793013356
24985,0.7547319822116252
24986,0.2861037681574169
24987,0.5633535183696536
24988,0.38975202880703386
24989,0.02631111729516334
24990,0.6508916089749045
24991,0.059844922670440615
24992,0.41878827159939913
24993,0.0568687548035257
24994,0.2938921067410881
24995,0.06238152550989427
24996,0.7332907690748324
24997,0.014880435133743122
24998,0.4302738103682225
24999,0.39427040903377253
